activity_id,cargo_damage,facility_damage,vessel_damage,other_damage
456,0,0,3000000,0
2994,0,0,5000,0
5382,,,,
9147,0,0,1014000,0
9656,0,0,75000,0
16776,0,0,40000,0
29659,,,,
38557,,,,
52171,,,,
60375,0,0,1500,0
61769,,,,
63148,,,,
63224,0,0,3000000,0
66099,,,,
78355,,,,
81167,0,0,20987,0
86013,0,0,697000,0
94101,0,0,8000,0
104142,0,0,88000,0
112295,0,31650,1350000,0
113842,0,200,0,0
115148,0,0,200000,1322796
124072,,,,
127736,0,0,20000,0
138869,0,70000,0,0
139863,0,0,125000,0
144438,0,0,5000,0
147796,,,,
152784,0,1200,0,0
168460,,,,
176982,0,5000,0,0
178340,0,0,60000,0
180753,,,,
1473897,0,0,40000,0
1476189,0,0,500,0
1477352,,,,
1478712,,,,
1478790,,,,
1480259,0,5000,0,0
1481005,0,0,0,0
1481023,0,0,27725,0
1481608,,,,
1481793,,,,
1481825,,,,
1481943,,,,
1482004,,,,
1482184,0,0,5000,0
1482244,,,,
1483032,0,0,0,0
1483693,0,0,2000,0
1484363,0,0,0,580248
1485807,0,95000,0,0
1486792,,,,
1487066,0,0,250,0
1490088,0,0,0,0
1490666,0,0,500,0
1490750,0,250000,0,0
1492743,0,0,500,0
1493172,,,,
1494861,0,2000,2500,0
1495064,0,5000,10000,0
1495407,0,0,5500,0
1495900,0,30000,0,0
1597165,0,0,25000,0
1597870,,,,
1598663,0,1000,2000,0
1602656,,,,
1605402,,,,
1605786,0,0,15000,0
1606148,0,0,1000,0
1606207,,,,
1606618,0,0,2500,0
1608210,24101,0,30000,0
1608318,0,200000,0,0
1608370,,,,
1613348,,,,
1616348,,,,
1616383,,,,
1617034,0,0,48000,0
1618443,0,5000,0,0
1619076,,,,
1619650,0,0,3000,0
1620546,0,0,60000,0
1624420,400000,0,194800,0
1624444,0,0,60000,0
1627713,,,,
1628735,0,0,0,0
1628846,0,13000,0,0
1629156,0,300000,0,0
1629798,0,0,64000,0
1629858,,,,
1632069,,,,
1633390,0,6000,0,0
1633548,0,75000,10000,0
1635870,0,0,0,0
1635881,0,0,0,0
1635967,78000,60000000,273000,1176176
1636161,,,,
1636505,0,0,31000,0
1637623,,,,
1639311,,,,
1639860,,,,
1640554,0,0,0,25000
1644660,0,0,0,1500
1650585,0,0,2500,0
1651224,,,,
1652031,,,,
1655457,0,0,0,0
1656881,0,0,3000,0
1657555,,,,
1663347,,,,
1663887,,,,
1665530,,,,
1667047,,,,
1669084,0,0,10000,0
1673240,0,0,0,0
1690826,0,11000,0,5000
1694320,0,60000,0,0
1699219,0,0,15250,0
1705467,0,60000,1000,0
1707028,,,,
1708534,0,0,20000,0
1710644,0,62000,10000,0
1710898,,,,
1711024,0,0,20000,10000
1711789,0,0,7000,0
1714693,0,0,0,300
1716174,0,0,150000,0
1717460,,,,
1717665,0,0,0,0
1717782,,,,
1720628,0,0,0,120000
1723366,7000,0,77219,0
1727512,0,100000,300000,0
1737881,0,200000,0,0
1739219,0,0,0,0
1741274,0,1815918,0,0
1743723,,,,
1747786,0,0,40000,0
1759646,,,,
1761841,0,0,100000,300000
1761974,0,0,0,300000
1766735,,,,
1767401,,,,
1769829,0,85000,7500,0
1770996,,,,
1772061,,,,
1773447,0,20000,3700,0
1773962,,,,
1774922,,,,
1776223,,,,
1777728,0,10000,0,0
1778270,,,,
1787508,0,500000,35000,0
1815609,,,,
1827312,,,,
1832540,0,68000,76500,125000
1842150,,,,
1843258,,,,
1863724,0,0,1850,0
1877277,0,0,28000,0
1879884,173000,0,111900,0
1886766,,,,
1886997,,,,
1887516,,,,
1887593,0,200000,0,50000
1896583,,,,
1913588,,,,
1917771,0,0,25000,0
1929758,0,0,5000,0
1932811,0,0,50000,0
1942425,0,100000,3000,0
1946230,,,,
1957341,0,0,16000,377600
1959647,0,0,12222,0
1961750,0,0,2500,0
1962020,0,40000,0,0
1969305,,,,
1970692,,,,
1973365,0,0,2500,0
1973498,,,,
1973684,0,0,200000,10000
1977405,0,0,22000,0
1981248,,,,
1984870,0,15000,0,0
1988956,,,,
1990409,0,0,300,0
1990497,,,,
1991302,0,25000,0,0
1991651,0,0,3000,0
1996283,,,,
1996817,,,,
1999016,0,0,87400,65000
2003650,,,,
2003945,0,340000,21200,0
2004591,0,0,0,2500
2005259,0,1878166,0,0
2007005,,,,
2007769,0,0,20000,0
2010117,0,36742,0,0
2011469,0,0,150,0
2011681,0,0,0,5200
2011731,0,0,0,12570
2011757,,,,
2014268,,,,
2015562,,,,
2020183,0,3000,100,0
2021224,0,0,0,0
2022944,,,,
2024856,0,3000,0,0
2024996,0,284955,0,0
2025334,0,0,27856,0
2025672,0,0,3500,0
2026313,0,0,0,30000
2026342,,,,
2026361,,,,
2026369,0,0,1000,1000
2027475,0,0,100,0
2028973,,,,
2029552,92000,0,60000,0
2031226,,,,
2033282,,,,
2033581,0,2000,0,0
2033934,0,0,210000,0
2034209,,,,
2034825,,,,
2036073,,,,
2036208,0,2000,600,0
2036254,,,,
2037494,0,500,0,0
2037890,0,0,0,0
2038291,0,0,4500,0
2038373,,,,
2038720,0,0,25000,0
2039362,,,,
2039431,0,0,0,200000
2039990,,,,
2040634,0,0,0,4000
2042715,,,,
2045309,0,15000,0,0
2049986,0,0,1000,0
2053889,,,,
2054748,0,0,6927,55043
2058117,,,,
2058180,,,,
2059064,0,0,0,1000
2060639,,,,
2063738,0,180000,5000,0
2064181,0,0,1275000,0
2065114,0,70000,0,0
2065537,0,0,500,0
2065985,0,175000,0,0
2071222,0,0,500,0
2074374,0,0,800,0
2076376,,,,
2076678,0,38000,0,0
2076715,,,,
2076914,0,0,35000,0
2077951,0,0,0,0
2080678,,,,
2086214,0,0,1500,0
2086277,,,,
2086469,0,0,21000,0
2087565,0,0,0,60000
2087687,0,0,176000,0
2087746,,,,
2094345,,,,
2094414,,,,
2095377,0,5000,0,0
2097700,0,0,20000,0
2097878,,,,
2098962,,,,
2099085,,,,
2099279,0,0,500,0
2100756,,,,
2101211,,,,
2101344,0,0,3000,0
2108436,,,,
2108696,,,,
2109253,,,,
2112017,,,,
2112060,0,0,11500,0
2117513,,,,
2123295,0,750000,14239,0
2123503,0,0,0,0
2123698,0,0,3000,0
2124720,0,0,5000,0
2129612,0,0,100,0
2129902,0,1500000,500000,0
2130455,,,,
2134115,0,0,0,10000
2138135,,,,
2140548,0,0,1500,0
2142554,,,,
2146691,0,0,260000,0
2147062,0,0,1000,0
2147843,0,10000,0,0
2153420,0,0,0,10000
2153721,,,,
2153775,0,0,5000,0
2161232,0,0,0,83
2165314,,,,
2170794,0,0,3500,3000
2171540,0,30000,80000,0
2175021,0,0,500,0
2183825,0,30000,0,0
2184262,,,,
2189037,0,0,75000,0
2189346,0,0,100,0
2196814,,,,
2199318,150000,0,66100,0
2213752,0,0,200000,0
2215896,0,0,0,5000
2224884,0,0,20000,0
2225400,0,20000,30000,0
2225557,,,,
2226216,0,75000,0,0
2227602,0,50000,0,0
2227749,0,0,0,0
2228023,,,,
2229596,0,150000,1000,0
2232295,,,,
2232472,,,,
2234148,0,0,40000,0
2236286,0,0,300000,0
2236887,,,,
2237702,0,30000,0,0
2239689,0,20000,0,0
2241315,,,,
2241320,0,121617,1000,0
2241341,0,30000,0,0
2241433,0,0,55000,0
2241781,0,0,450000,0
2241804,0,0,35000,0
2250382,0,0,0,0
2251780,,,,
2254042,,,,
2254224,,,,
2256251,0,20000,0,0
2256885,,,,
2256972,0,0,100000,0
2258553,,,,
2259990,,,,
2263674,0,0,0,250000
2268186,0,0,1500,0
2268204,0,0,0,10000
2272885,,,,
2274146,0,38500,0,0
2276501,0,0,393210,0
2277792,0,0,44500,0
2279659,0,104666,170820,0
2279927,0,315000,0,0
2282026,448000,0,320500,0
2283625,800000,0,1208900,0
2283649,0,0,5000,2000
2284602,0,0,16000,0
2285890,,,,
2286554,0,0,39300,0
2286568,,,,
2286587,152000,0,760000,0
2287878,0,215578,0,0
2289827,0,0,35000,0
2290720,0,150000,0,0
2293219,,,,
2294530,0,8000,0,0
2294661,,,,
2294847,0,0,0,5000
2296868,0,0,0,0
2297555,0,0,200,0
2298366,0,300000,500,0
2299868,,,,
2302019,,,,
2305859,,,,
2306623,,,,
2307218,0,0,0,0
2307227,0,0,65000,0
2307329,,,,
2307385,,,,
2307415,,,,
2309834,0,0,8000,0
2310751,,,,
2311881,0,0,0,0
2312093,,,,
2312398,,,,
2313854,,,,
2322985,0,10500,0,0
2323826,,,,
2324089,0,0,0,195000
2324693,,,,
2324742,0,200,350,0
2326411,0,0,5000,0
2326910,0,576,0,0
2328338,0,104536,0,0
2328383,0,40000,0,0
2329478,0,0,15000,0
2329574,752123,0,796004,28870
2331950,0,0,20000,0
2332487,0,0,0,93000
2333209,0,50000,0,0
2334405,0,165950,15000,0
2334564,,,,
2337575,,,,
2337708,,,,
2338689,0,80000,0,0
2339717,,,,
2340083,,,,
2340641,,,,
2342190,0,50000,2000,0
2344766,,,,
2344816,0,0,10000,0
2345817,0,5000,0,0
2348137,0,0,20000,0
2349906,,,,
2350070,0,0,500,0
2350306,0,0,31000,0
2352897,,,,
2355743,0,0,0,450000
2356695,,,,
2358990,0,0,0,0
2361542,0,0,0,200000
2362690,,,,
2365827,0,0,5200,0
2367768,0,0,2049,0
2367888,,,,
2368185,0,0,0,0
2369797,,,,
2375406,,,,
2377384,0,0,500,0
2378060,,,,
2379035,0,0,100000,0
2383522,0,0,183750,0
2385782,,,,
2385798,,,,
2391192,,,,
2391449,32000,0,252000,0
2396219,0,0,250,0
2396902,0,0,1000,0
2396975,0,225000,40000,0
2397636,,,,
2404695,,,,
2405094,0,0,2000,0
2405537,0,0,2000,0
2408097,,,,
2408766,0,6000,0,0
2408780,,,,
2417265,,,,
2418300,0,0,2300,0
2418418,,,,
2422725,0,100000,0,0
2423951,,,,
2425463,0,0,20000,0
2426274,,,,
2426290,0,0,20000,0
2426539,0,0,0,0
2427647,0,625000,25000,0
2427862,0,0,600,0
2427900,0,6500000,0,793300
2430915,,,,
2431111,0,500,0,0
2431230,0,0,38000,0
2433189,,,,
2434254,,,,
2440611,,,,
2441717,,,,
2442821,0,0,5000,0
2449355,0,18000,0,0
2451068,,,,
2452441,0,600000,0,0
2456742,0,0,0,150000
2460668,0,0,9500,0
2463934,,,,
2464976,0,0,0,5000
2465837,,,,
2466058,,,,
2473157,,,,
2473511,0,0,15000,0
2473518,,,,
2474197,0,0,0,0
2474564,0,0,50000,0
2475427,0,0,0,200000
2485451,,,,
2486488,,,,
2495036,0,0,10000,0
2499397,0,75000,0,0
2502246,0,321474,0,0
2508972,0,0,0,15000
2511824,,,,
2511836,0,0,500,0
2512044,0,8103000,0,0
2512809,0,0,4000,0
2513074,,,,
2514318,0,0,0,0
2514422,,,,
2514651,,,,
2516044,,,,
2517681,0,0,20000,0
2518678,,,,
2527764,,,,
2528278,,,,
2528509,,,,
2530193,,,,
2531554,,,,
2533084,,,,
2533243,,,,
2534307,,,,
2534690,0,5000,15000,0
2539078,,,,
2539825,,,,
2541750,,,,
2542975,,,,
2543211,,,,
2544756,0,0,0,0
2546156,0,0,3600,0
2546799,,,,
2547507,0,0,15000,0
2547584,,,,
2547589,0,0,0,100000
2547769,0,0,1900,0
2549916,,,,
2550002,0,0,0,0
2550105,,,,
2552069,,,,
2554586,0,0,0,19000
2556925,,,,
2557574,,,,
2557776,0,0,5000,0
2558063,0,0,100000,0
2559819,,,,
2560234,0,200,100000,0
2560715,,,,
2560829,,,,
2562043,,,,
2564024,0,0,500,0
2564452,0,0,3500,0
2567870,0,0,5000,0
2567946,0,0,0,0
2568191,0,0,100000,0
2568242,,,,
2569481,0,0,0,50000
2571351,,,,
2572433,0,0,1000,500
2572510,,,,
2576229,0,0,0,0
2576652,0,0,121170,0
2576773,0,0,5000,0
2576791,0,400000,99000,0
2578208,,,,
2579064,500000,0,2030000,0
2580380,0,0,5000,0
2580704,0,10000,0,0
2580779,0,0,2500,0
2581502,,,,
2582212,0,0,3000,0
2582315,,,,
2585130,,,,
2585153,0,0,50000,0
2586176,0,0,1500,0
2586377,0,100000,0,0
2588621,0,0,1500,0
2589108,0,0,0,0
2589370,,,,
2589692,,,,
2590792,0,0,8000,0
2590874,0,0,0,0
2591278,,,,
2591509,,,,
2593282,,,,
2596680,,,,
2596736,,,,
2597688,0,0,0,20000
2598195,,,,
2598508,0,10000,0,0
2599142,0,0,1500,0
2599230,0,0,0,2500
2601360,0,0,0,239504
2602210,0,0,850,0
2602246,0,0,3000,0
2602275,0,0,0,0
2602524,,,,
2602962,,,,
2604440,,,,
2604457,,,,
2608152,,,,
2611338,0,0,15000,300000
2611836,,,,
2612561,0,0,47000,0
2612981,0,60000,13200,0
2613643,0,1000,0,0
2615174,,,,
2617597,0,302000,10000,0
2618223,0,0,300,0
2618980,0,0,0,0
2619053,,,,
2619068,0,75000,0,0
2619101,0,0,0,0
2619488,,,,
2620978,,,,
2621372,,,,
2622034,0,0,8000,0
2623071,,,,
2623501,90000,0,0,0
2623822,,,,
2624182,0,0,0,0
2624278,,,,
2626316,0,0,4000,1000
2626447,0,0,0,0
2627272,0,0,5000,0
2627438,,,,
2628465,,,,
2628466,79000,0,809000,0
2630298,,,,
2631282,,,,
2632227,,,,
2633005,0,0,100,0
2636107,0,0,123000,60000
2636321,0,10000,3000,0
2636984,0,0,100,0
2638005,0,20000,0,0
2640311,0,125000,0,0
2640421,0,0,1000,0
2640634,,,,
2641716,,,,
2641733,,,,
2641910,0,0,4000,0
2644889,,,,
2647793,,,,
2649554,,,,
2650472,,,,
2650564,,,,
2652292,0,5000,0,0
2652327,0,0,0,1500
2652336,0,0,73540,0
2652768,0,0,0,7500
2653290,,,,
2655804,0,5000,0,0
2656195,,,,
2656484,,,,
2656855,0,0,0,0
2657013,,,,
2657619,,,,
2658031,0,0,0,0
2664134,,,,
2666204,0,0,45000,0
2667101,,,,
2668380,,,,
2673278,0,0,5000,0
2674742,,,,
2676187,,,,
2677664,,,,
2680709,0,75000,0,0
2681162,,,,
2682998,0,0,500,0
2690308,,,,
2694473,,,,
2695107,0,0,10000,0
2695243,,,,
2695381,0,85000,10000,0
2696448,0,10000,0,0
2702865,,,,
2705797,0,35000,50000,0
2710039,,,,
2710355,0,5000,1000,0
2712707,,,,
2716111,0,500,0,0
2724374,0,0,203315,0
2724405,,,,
2734957,0,42928,0,0
2735317,0,0,40000,0
2744334,0,20000,0,0
2758522,0,0,0,0
2762151,,,,
2764901,,,,
2764979,,,,
2765779,,,,
2771730,0,20000,0,0
2775369,0,0,6000,0
2775504,0,750000,0,0
2776714,0,0,200,0
2777225,,,,
2777266,,,,
2781346,0,0,10000,0
2784557,0,21350,8072,0
2789898,0,0,250,0
2791687,,,,
2792155,,,,
2794147,0,0,5000,0
2794928,,,,
2795555,0,0,30,0
2797369,,,,
2798354,,,,
2798625,,,,
2799333,0,0,5000,0
2800827,1000000,0,500000,0
2801487,,,,
2801537,,,,
2801572,0,0,1000,0
2802160,0,0,30000,0
2802307,,,,
2802329,,,,
2802385,0,0,1000,0
2802915,,,,
2809133,,,,
2809168,0,0,1000,0
2809220,,,,
2810410,0,0,56816,0
2810417,0,55131,0,0
2810548,0,0,16000,0
2812857,,,,
2813785,,,,
2814564,0,0,0,939548
2816539,,,,
2816644,,,,
2817436,0,0,0,0
2817593,,,,
2817882,,,,
2818837,0,10914,6000,0
2819816,,,,
2819856,,,,
2819945,,,,
2820460,0,0,75593,0
2820808,0,0,300,0
2821186,,,,
2821271,0,0,5000,0
2821273,6500,0,0,0
2822342,0,0,5000,0
2823552,,,,
2825407,0,0,42000,0
2825423,,,,
2825559,,,,
2827573,,,,
2829168,,,,
2829399,0,0,0,220568
2830069,0,10000,0,0
2831541,0,0,6000,0
2833664,0,0,0,0
2835065,,,,
2835167,,,,
2835305,0,0,0,0
2835968,,,,
2836105,0,0,0,5000
2836590,,,,
2837998,0,0,55000,0
2838070,0,18250,0,0
2838432,,,,
2841110,0,0,4000,0
2842443,0,0,2000,0
2843778,0,0,0,0
2843806,,,,
2843817,,,,
2843865,,,,
2843978,0,0,10000,0
2844189,,,,
2844932,,,,
2844997,0,0,60000,0
2845014,,,,
2846050,0,0,3500,0
2846258,,,,
2846299,,,,
2846481,,,,
2846506,0,0,5000,0
2846642,0,0,50000,0
2849601,0,0,10,0
2850251,,,,
2850589,,,,
2850601,,,,
2852160,0,0,2500,0
2852182,,,,
2852248,0,10000,5000,0
2852296,,,,
2852619,,,,
2853777,,,,
2853795,0,0,36500,0
2856367,0,0,1500,0
2856469,,,,
2857329,,,,
2857455,0,0,44000,0
2857881,,,,
2857896,,,,
2858804,,,,
2859345,0,0,309000,0
2860564,,,,
2861029,,,,
2861521,285000,0,100000,0
2861897,0,13000,0,0
2862319,120000,0,478200,0
2862328,0,0,250000,0
2863417,0,0,2000,0
2863624,,,,
2865921,,,,
2865966,25000,0,1000000,0
2865977,,,,
2866131,,,,
2867707,,,,
2867964,0,0,400,0
2868334,,,,
2868564,,,,
2869188,,,,
2869574,0,0,0,0
2869602,,,,
2869651,0,0,1000,0
2870699,0,0,0,0
2870734,0,0,2000,0
2871360,0,0,77682,0
2871578,,,,
2872478,0,0,10000,12000
2875109,,,,
2876753,0,0,20000,0
2879261,0,0,1500,0
2882874,0,0,56600,0
2882887,0,0,1500,0
2883286,0,0,0,0
2883301,0,0,0,40000
2884047,,,,
2884389,0,0,0,0
2885010,,,,
2886200,,,,
2886930,,,,
2887345,,,,
2887346,,,,
2888743,0,0,200000,0
2889328,0,5000,0,0
2890750,0,80000,0,0
2890786,,,,
2891327,,,,
2891416,,,,
2891461,,,,
2891467,,,,
2891562,,,,
2892222,,,,
2892596,0,0,5000,0
2892671,,,,
2893038,,,,
2895000,,,,
2895443,0,0,35000,0
2895477,0,0,0,0
2895787,0,0,0,1000
2895910,0,0,0,0
2895913,,,,
2896120,0,0,2500,0
2896289,,,,
2898455,0,200000,5000,0
2898852,,,,
2899901,0,500,0,0
2899912,,,,
2899986,,,,
2900195,,,,
2901015,,,,
2901052,0,0,0,0
2901417,,,,
2901423,0,0,0,8000
2901564,,,,
2901703,,,,
2901782,,,,
2902015,,,,
2902175,0,35344,750,0
2902201,,,,
2902355,,,,
2902429,,,,
2902578,,,,
2903209,,,,
2904525,,,,
2904683,,,,
2906445,0,0,0,250000
2906698,,,,
2906757,,,,
2907389,0,0,89100,0
2907472,,,,
2908591,,,,
2908657,15000,0,65000,5000
2909292,,,,
2909324,0,0,0,6000
2909416,,,,
2910012,0,0,10000,0
2910025,,,,
2910066,,,,
2910113,,,,
2910359,,,,
2911460,0,10000,17000,0
2911580,,,,
2911651,,,,
2911668,,,,
2913598,,,,
2914519,,,,
2915296,,,,
2915362,0,550000,50000,0
2915999,,,,
2916169,0,0,9500,0
2916472,,,,
2916941,,,,
2917195,,,,
2918910,0,2500000,0,0
2919630,,,,
2924007,,,,
2924443,,,,
2924931,0,0,60000,0
2925827,,,,
2925964,,,,
2926917,,,,
2927666,,,,
2927882,,,,
2929696,0,1500000,5000,0
2930843,,,,
2930981,,,,
2931998,,,,
2932253,,,,
2932943,,,,
2933216,,,,
2933222,,,,
2936493,0,0,0,0
2937150,,,,
2937493,0,0,2052,0
2938389,,,,
2938515,,,,
2939236,0,0,7000,0
2939871,,,,
2939946,,,,
2941143,50000,0,263600,0
2944468,0,0,0,0
2945340,0,0,168943,0
2946156,,,,
2946400,0,40000,0,0
2946535,0,200,0,0
2946635,,,,
2948496,315000,0,400000,0
2951204,,,,
2951683,0,0,50000,0
2951717,,,,
2952332,0,850000,0,0
2952539,,,,
2952546,,,,
2952551,,,,
2953265,,,,
2954073,,,,
2955341,0,0,5000,0
2956649,0,0,1500,0
2958632,0,0,346000,0
2959227,,,,
2959255,,,,
2960545,,,,
2961209,,,,
2961392,,,,
2961665,0,0,2500,0
2961763,0,0,500,150000
2963472,0,0,0,0
2965566,0,0,0,0
2972829,,,,
2972836,,,,
2972841,,,,
2972843,0,0,50000,0
2973244,,,,
2973391,,,,
2974408,,,,
2974776,,,,
2974813,0,0,750,0
2974864,0,0,12800,0
2975892,0,0,5000,0
2976440,,,,
2976593,,,,
2980366,0,0,6000,0
2981783,,,,
2984253,0,0,5000,0
2984662,0,75000,0,0
2989249,,,,
2989716,0,0,0,100
2993438,0,40000,0,0
2993490,,,,
2995785,,,,
2996632,,,,
2997460,,,,
2998189,,,,
2998667,,,,
2999276,0,3000,0,0
3001907,,,,
3002430,0,0,0,25000
3005273,,,,
3005839,0,0,0,160000
3006012,0,0,50000,0
3007294,,,,
3008905,,,,
3011893,0,0,2000,0
3012011,0,0,0,0
3012099,0,6060,3000,0
3012889,,,,
3014864,,,,
3019867,0,0,0,0
3021518,,,,
3024604,,,,
3026796,,,,
3027415,,,,
3028745,0,5000,0,0
3030807,0,100000,0,0
3035305,,,,
3036365,,,,
3037125,0,4000,0,0
3043152,,,,
3043893,,,,
3045889,,,,
3050932,,,,
3050980,,,,
3051816,,,,
3056153,0,0,500,0
3059472,,,,
3059509,,,,
3059510,,,,
3059755,0,0,1000,0
3061180,0,0,0,0
3061248,0,0,250000,0
3062027,0,0,0,0
3062799,,,,
3067306,,,,
3068501,0,0,20000,0
3071472,0,310000,0,0
3071507,0,100000,0,0
3072179,,,,
3072595,0,0,0,300
3072616,,,,
3073016,,,,
3076073,,,,
3076086,,,,
3076777,,,,
3077165,,,,
3077776,,,,
3078432,,,,
3078577,,,,
3081217,0,0,10000,0
3081654,,,,
3085330,,,,
3085536,,,,
3086696,,,,
3087001,0,0,0,0
3088090,0,0,0,393000
3088279,,,,
3088866,,,,
3089619,0,0,10000,0
3091143,0,0,500,0
3091723,0,0,1000,0
3091753,0,4000,75000,0
3093950,,,,
3095030,0,2000000,2500000,0
3095790,,,,
3097767,,,,
3098478,,,,
3098572,,,,
3098995,0,150000,0,0
3098998,,,,
3099581,0,0,5000,0
3101920,0,0,7000,0
3107311,,,,
3107357,0,0,3000,0
3107806,0,0,4000,0
3109587,,,,
3109946,0,0,4000,0
3110502,0,0,0,0
3110965,0,0,1000,0
3111459,0,2500,0,0
3111573,0,0,3000,0
3112793,0,0,25000,0
3114136,0,6000,0,0
3114248,0,0,750,0
3114991,0,0,0,10000
3117562,0,250000,1000,0
3117587,0,225000,0,0
3118305,,,,
3119381,0,0,0,25000
3119567,0,0,250000,0
3121072,,,,
3121074,,,,
3121700,,,,
3123803,,,,
3124161,,,,
3124357,,,,
3125872,0,5200,0,0
3128282,,,,
3128466,0,0,300000,6000000
3130274,,,,
3130792,0,0,60000,0
3130807,,,,
3131773,0,0,0,10000
3132181,0,0,10000,0
3133107,,,,
3134092,,,,
3134124,0,0,50000,0
3134126,,,,
3134153,0,0,200000,0
3134166,10000,0,9999,0
3135754,0,200000,0,0
3136282,0,0,250,0
3138204,0,0,24700,0
3139152,,,,
3139561,0,0,0,150000
3141269,,,,
3142133,0,5000,7000,0
3142265,0,0,33500,0
3143230,300,3900,4000,0
3144098,0,0,60000,0
3144168,,,,
3145699,,,,
3145817,0,0,200,0
3147613,0,0,58041,0
3147765,,,,
3148080,,,,
3148272,0,0,25000,0
3149687,0,0,10000,0
3149983,0,0,3000,0
3150504,0,0,25000,0
3151798,,,,
3151871,0,0,500,0
3153367,,,,
3153709,,,,
3154451,0,40000,0,0
3154494,0,0,500,0
3154868,,,,
3155455,,,,
3155757,,,,
3156350,0,250000,0,0
3156995,,,,
3158298,,,,
3158301,,,,
3158727,,,,
3158758,0,1000,0,0
3158908,,,,
3160144,0,10000,300,0
3160927,0,0,10000,0
3161687,,,,
3163222,,,,
3164808,,,,
3165501,0,0,100000,0
3165940,0,0,10000,0
3166379,,,,
3166909,0,0,266000,0
3167394,0,0,150,0
3168473,0,0,0,0
3168558,,,,
3169130,,,,
3170866,,,,
3170967,0,250000,0,0
3171108,0,0,40050,0
3171228,0,0,0,0
3172008,,,,
3172014,0,0,10000,0
3172138,0,0,10000,0
3172949,,,,
3174512,,,,
3174550,,,,
3175192,0,0,159000,0
3176729,,,,
3176807,,,,
3176822,,,,
3176892,0,0,1000,0
3177152,,,,
3178036,0,0,110000,0
3178071,,,,
3178900,,,,
3178901,,,,
3178923,0,0,7500,0
3178924,,,,
3178973,,,,
3180428,0,0,12000,0
3181990,,,,
3182246,,,,
3182291,0,0,0,0
3182333,0,2000000,0,0
3182393,0,0,45000,0
3182631,0,0,311000,0
3184020,,,,
3184594,,,,
3184797,,,,
3184802,0,0,80000,0
3188813,,,,
3188814,,,,
3188882,0,0,188834,0
3188931,0,0,2500,0
3192321,,,,
3194028,,,,
3194094,,,,
3194525,0,0,36000,0
3195183,0,0,20000,0
3195235,0,0,188682,0
3197121,0,50,10000,0
3199951,30000,0,70000,50000
3202836,,,,
3204446,0,0,561,0
3204463,0,10000,0,0
3204540,20000,0,190000,20000
3210823,,,,
3210860,,,,
3213936,0,0,0,100000
3219157,,,,
3219376,,,,
3222364,0,135000,0,0
3222556,0,0,15000,0
3225006,0,300000,100000,0
3226156,,,,
3227900,0,60000,0,0
3228044,,,,
3228670,0,5000,0,0
3231770,,,,
3234751,0,0,200000,0
3235040,0,0,0,800000
3235836,104000,0,379000,0
3238700,0,0,35000,0
3240420,,,,
3245310,0,0,40936,0
3246355,0,0,26000,0
3249479,0,0,0,0
3252725,0,0,59799,0
3254542,,,,
3254902,,,,
3260595,,,,
3261777,0,0,499,0
3261879,0,0,2000,0
3268399,0,0,7000,0
3268636,100000,0,0,0
3268829,0,0,350000,0
3270900,0,0,0,10000
3274725,7,0,0,0
3275471,0,0,5000,15000
3277084,0,0,15000,0
3282133,0,0,60000,0
3284461,0,0,0,175000
3284984,0,0,128000,0
3293348,,,,
3298096,0,0,0,15000
3302949,,,,
3303989,0,0,0,150000
3304100,,,,
3304826,0,0,4500,0
3310082,,,,
3312236,0,0,5000,0
3316028,,,,
3316871,,,,
3318333,0,15000,0,0
3318470,0,0,0,100000
3321274,0,0,5000,0
3322653,,,,
3323991,0,500000,0,0
3325233,0,0,0,1000
3325240,0,100000,0,0
3325455,0,150000,1300,0
3326019,0,0,50250,0
3328220,0,0,273000,0
3330766,,,,
3330825,,,,
3333119,0,0,10000,0
3333540,,,,
3335658,0,0,5000,0
3336537,0,0,50000,0
3340062,0,100000,0,0
3342382,0,0,0,0
3344237,,,,
3345135,0,2500,0,0
3345195,,,,
3349457,0,0,0,0
3350669,,,,
3350871,,,,
3351239,0,0,5000,19000
3352311,0,0,0,95000
3353019,,,,
3353530,0,0,90000,29317
3353656,,,,
3356294,0,2900,0,0
3356911,,,,
3357304,0,200000,0,0
3358468,0,0,60000,0
3358952,,,,
3358982,,,,
3360814,,,,
3362634,0,0,0,100000
3363132,0,0,0,50000
3363283,0,464000,0,0
3365574,,,,
3365693,0,75374,3000,0
3366243,0,0,0,300000
3366886,,,,
3367336,,,,
3368446,,,,
3369064,0,0,0,0
3371791,0,0,0,2000
3373439,,,,
3373967,0,0,0,0
3374025,,,,
3378098,,,,
3379319,0,0,5000,0
3381731,0,0,500,0
3381753,,,,
3382132,,,,
3384145,0,0,37000,0
3384886,55000,0,70000,0
3385247,0,0,10000,0
3385929,,,,
3385936,0,5000,0,0
3386357,0,0,0,100000
3388705,,,,
3388715,,,,
3390683,0,0,30000,0
3392838,0,0,0,0
3393346,10000,0,0,0
3394514,0,0,0,2000
3397216,0,25000,0,0
3397493,0,0,400,0
3397599,,,,
3398427,,,,
3400763,0,0,0,0
3401490,0,2000,0,0
3403926,,,,
3404120,,,,
3411814,0,0,0,0
3411823,,,,
3412528,0,0,5000,0
3412733,0,0,25000,0
3412768,41000,0,115000,15000
3412840,0,0,61613,0
3414564,0,0,0,10000
3414797,,,,
3417560,,,,
3417586,,,,
3418427,,,,
3419804,,,,
3420356,,,,
3421432,0,0,68637,0
3422343,0,0,20000,400
3423071,0,0,20000,0
3423161,,,,
3423838,0,0,0,0
3426798,0,0,0,0
3426854,431000,0,60000,0
3430143,,,,
3431568,,,,
3432146,0,0,15714,0
3432420,0,0,0,0
3432925,0,0,0,4000
3434153,0,50000,1000,0
3434179,0,0,6500,0
3436088,0,0,0,5250
3436250,0,0,0,0
3437176,,,,
3437318,0,0,10000,0
3437325,,,,
3438976,,,,
3441936,0,0,15000,0
3443027,,,,
3443782,,,,
3444098,,,,
3444561,0,90000,6000,0
3444707,0,0,20000,0
3444710,0,0,2500,0
3449345,0,0,0,0
3449368,,,,
3449505,0,0,300000,0
3449626,0,0,2000,0
3450006,0,0,0,0
3450228,,,,
3451509,0,0,40000,135000
3451560,,,,
3452325,0,0,46500,0
3453767,0,0,25000,0
3453975,0,0,5000,0
3454402,0,0,40000,0
3456823,,,,
3459019,0,0,25000,0
3459040,0,0,75,0
3462126,0,0,2500,0
3464824,,,,
3465910,,,,
3466653,0,250000,200000,0
3466900,,,,
3467184,0,0,0,0
3469542,,,,
3469679,,,,
3471440,0,10000,0,0
3472048,,,,
3472687,0,0,15000,0
3477744,,,,
3478042,0,0,0,674200
3478738,,,,
3479778,,,,
3482143,0,3150,47710,0
3487640,,,,
3487707,,,,
3490222,,,,
3493093,,,,
3493154,,,,
3494384,,,,
3495729,0,0,7388,0
3496194,0,0,80000,0
3496389,0,0,40000,450000
3498183,,,,
3500279,0,2500,0,0
3500987,,,,
3503217,0,0,2500,0
3504669,,,,
3505408,0,40000,0,0
3505419,,,,
3506415,0,0,65500,0
3506423,,,,
3508453,,,,
3511513,,,,
3515111,0,0,25000,0
3518775,0,0,0,149000
3527035,,,,
3528371,,,,
3528753,,,,
3528887,,,,
3529319,0,0,5000,0
3530221,,,,
3530384,0,1000,0,0
3535349,,,,
3535430,,,,
3535479,,,,
3537297,,,,
3537333,0,0,0,0
3537676,,,,
3540274,0,0,0,6000
3540353,0,5000,0,0
3542908,0,0,300,0
3547777,,,,
3548275,,,,
3548348,,,,
3548981,0,0,0,2000
3549515,0,0,0,95040
3550034,0,1000,15000,0
3551537,0,0,5000,0
3554330,0,0,0,0
3555650,,,,
3558223,,,,
3558253,0,0,2000,0
3563063,,,,
3563260,,,,
3569559,0,386851,0,0
3570558,0,0,1000,10000
3570744,,,,
3570875,,,,
3575269,0,0,5000,0
3578029,0,0,45000,0
3579439,,,,
3583144,0,5000,25000,0
3583200,0,20000,0,0
3584277,,,,
3584860,,,,
3584947,,,,
3584952,,,,
3584996,,,,
3585011,,,,
3585015,0,0,18000,0
3590128,0,0,1000,0
3591716,,,,
3597441,,,,
3601483,,,,
3602215,,,,
3606270,0,300,0,0
3607531,0,500,0,0
3607575,0,0,500,0
3607857,,,,
3609402,,,,
3610329,,,,
3610901,0,0,3000,0
3612099,,,,
3615845,,,,
3617351,0,0,4000,0
3617362,0,2500,0,0
3618367,,,,
3618882,,,,
3619078,,,,
3619200,0,0,500,0
3622497,,,,
3622730,,,,
3624703,0,12000,10000,0
3624933,,,,
3625450,0,0,750000,0
3626375,0,444500,0,0
3626635,0,0,100000,0
3628725,,,,
3630970,,,,
3630988,,,,
3631252,0,0,1000,0
3631352,0,10000,15000,0
3631528,,,,
3632698,0,0,0,0
3632986,0,50000,10000,0
3634890,,,,
3634935,,,,
3634944,,,,
3635633,,,,
3638174,0,0,0,5000
3640293,0,0,2500,0
3641673,0,0,1500,0
3642796,0,75000,200000,0
3643216,,,,
3643247,0,0,500,4000
3643945,0,0,0,0
3644301,0,0,1200,0
3644579,0,0,0,0
3644851,,,,
3645919,0,0,500,0
3647245,,,,
3648242,0,0,10000,0
3653426,,,,
3653427,,,,
3654200,0,0,0,101989
3654889,0,0,0,2000
3655873,0,0,41360,0
3656254,0,0,215000,0
3658173,,,,
3658256,,,,
3658475,0,0,2000,0
3658526,0,0,5000,1000
3659489,,,,
3659843,,,,
3659938,0,0,4000,0
3660143,,,,
3660477,,,,
3660524,,,,
3660746,,,,
3663799,,,,
3664573,,,,
3665846,0,5000,0,0
3666203,,,,
3668227,,,,
3668244,0,0,1000,0
3668728,0,0,0,0
3670318,,,,
3670634,,,,
3670675,0,0,0,0
3672492,,,,
3673285,0,0,50000,0
3673300,,,,
3673397,0,0,0,25000
3673706,0,0,65000,0
3674267,,,,
3674702,,,,
3674817,,,,
3675821,,,,
3676833,0,0,63500,0
3676956,,,,
3676997,,,,
3678325,0,0,0,0
3679357,250000,0,466345,0
3682685,0,0,11000,0
3682737,,,,
3683723,,,,
3683767,0,45000,0,600
3684430,,,,
3684480,150000,0,10000,0
3684627,0,0,1000,0
3684632,0,0,1000,0
3687488,,,,
3687658,0,100000,222914,0
3687874,0,0,10000,0
3688356,,,,
3689712,,,,
3689888,,,,
3693362,,,,
3695753,,,,
3696241,0,0,0,2025
3696246,,,,
3696338,,,,
3696894,,,,
3700356,0,0,340000,0
3700438,,,,
3701027,,,,
3701053,,,,
3701992,,,,
3702671,,,,
3703297,,,,
3705064,,,,
3705444,,,,
3706485,,,,
3710136,,,,
3710171,,,,
3710480,,,,
3710560,,,,
3714806,0,0,15000,0
3714830,0,0,24072,0
3715005,,,,
3715087,,,,
3719521,,,,
3721117,,,,
3721538,0,15695,0,0
3722423,0,3000,0,0
3722436,,,,
3724504,,,,
3724625,0,0,500,0
3724640,0,0,1000,0
3724661,,,,
3726399,,,,
3727584,0,0,900,0
3732443,,,,
3732602,,,,
3732642,0,0,52000,0
3733175,,,,
3733313,0,0,410,0
3735069,,,,
3735735,,,,
3735795,,,,
3737480,0,0,500,0
3740338,,,,
3740442,,,,
3740943,0,0,8600000,0
3741337,0,30000,0,0
3741375,0,0,1500,0
3741382,,,,
3741403,,,,
3742111,0,0,1000,0
3742640,0,0,10000,0
3743731,0,0,0,250000
3746340,,,,
3746895,,,,
3748184,,,,
3748265,0,0,0,0
3749082,,,,
3749093,0,0,0,500
3749184,0,5000,15000,0
3749939,0,0,10000,0
3749953,,,,
3755070,,,,
3757646,0,0,78562,0
3760816,,,,
3760848,,,,
3761883,,,,
3762013,0,0,2500,0
3762067,,,,
3762421,0,200,400,0
3763219,0,0,1200,0
3764396,0,450000,4500,0
3766237,0,0,7000,0
3767453,0,0,0,0
3768141,,,,
3772659,0,0,220000,0
3772779,0,0,0,0
3772938,,,,
3775340,,,,
3775818,,,,
3776057,0,0,100000,0
3779098,,,,
3779236,,,,
3779273,,,,
3779285,,,,
3779660,0,0,2000,0
3780048,,,,
3780501,,,,
3787366,0,0,10000,0
3787382,,,,
3787390,0,0,3600,0
3787681,,,,
3787694,,,,
3788745,0,0,0,12000
3790045,,,,
3791538,,,,
3793474,,,,
3793484,,,,
3793719,0,0,55500,0
3793722,,,,
3793753,,,,
3793817,,,,
3793894,,,,
3797340,,,,
3800719,0,0,0,40000
3802597,0,0,10000,0
3803430,,,,
3803708,,,,
3806050,0,0,15000,0
3813019,,,,
3813740,,,,
3815369,,,,
3815395,0,0,73281,0
3815435,,,,
3822899,,,,
3822951,,,,
3822976,,,,
3825676,,,,
3825878,0,0,100,0
3826003,,,,
3831591,0,0,45000,0
3832026,,,,
3833165,,,,
3837718,,,,
3839492,,,,
3840864,,,,
3843952,,,,
3845497,0,0,0,3000
3846529,0,0,5000,0
3846963,,,,
3850436,0,100,0,0
3851251,,,,
3851264,,,,
3851279,,,,
3853339,,,,
3854027,,,,
3854296,,,,
3859039,,,,
3859048,0,10000,0,0
3859474,,,,
3863064,,,,
3863491,0,500000,0,0
3863660,0,10000,0,0
3865831,0,0,0,55000
3868167,0,0,90000,0
3868514,,,,
3868694,0,0,87500,0
3869020,,,,
3869031,,,,
3869037,,,,
3869039,,,,
3869052,,,,
3869061,0,0,15000,0
3869327,,,,
3869691,0,80000,0,0
3870765,,,,
3872389,,,,
3872487,,,,
3872713,0,0,25000,0
3879899,0,0,0,0
3880512,,,,
3882303,,,,
3884168,0,0,5000,0
3885526,,,,
3885530,,,,
3885677,,,,
3887080,0,0,60000,0
3887898,,,,
3888276,0,0,1800,0
3888665,0,0,105688,0
3888833,,,,
3888870,,,,
3888962,0,400000,7500,0
3892263,0,0,16700,0
3894263,,,,
3894615,,,,
3894624,,,,
3894699,,,,
3894963,,,,
3898305,,,,
3900155,100000,0,200000,0
3900479,0,0,0,0
3901694,,,,
3903671,,,,
3904773,,,,
3905126,,,,
3905553,,,,
3905596,0,0,0,0
3905598,,,,
3905608,,,,
3905913,,,,
3905999,0,0,35000,0
3906370,0,0,10000,0
3907033,,,,
3907328,,,,
3907353,,,,
3913749,0,0,59467,150000
3914977,0,0,0,0
3916706,,,,
3916735,,,,
3917164,,,,
3917939,0,292805,0,0
3919572,,,,
3920424,,,,
3920936,0,0,75000,0
3922184,,,,
3922538,0,0,0,1000
3928074,700000,0,525000,200000
3928132,,,,
3928232,,,,
3929492,0,0,0,0
3930691,0,0,0,0
3936302,0,25000,0,0
3941491,0,0,2500,0
3942122,0,500,0,0
3946634,,,,
3947479,0,25000,340000,0
3954099,,,,
3955757,,,,
3956368,,,,
3956432,,,,
3958833,,,,
3960258,0,0,0,50000
3964714,0,0,12000,0
3965595,,,,
3966822,149000,0,290000,0
3967940,0,0,30000,0
3968182,,,,
3968395,,,,
3968407,,,,
3968438,0,0,7000,0
3968839,,,,
3968893,,,,
3969380,,,,
3969725,0,0,75000,0
3969811,0,0,10250,50000
3970344,0,0,15,0
3973268,,,,
3974046,0,0,1220,0
3974782,0,3800,0,0
3975819,0,0,0,915000
3976473,0,0,6000,0
3978486,0,0,0,0
3980616,0,5977,0,0
3981444,0,51314,6700,0
3982120,,,,
3982233,,,,
3984563,0,10000,5000,0
3984874,0,0,0,0
3985275,,,,
3985304,0,0,500,0
3985336,,,,
3985567,0,0,1000,0
3986229,0,0,0,35000
3986852,,,,
3987295,,,,
3992784,0,0,150000,0
3993875,,,,
3994448,0,18000,0,0
3997036,0,0,0,0
3997102,0,0,2000,0
4001138,0,95000,0,0
4003292,0,0,150000,0
4006237,0,0,25000,0
4006544,0,50000,1000,0
4008455,,,,
4009001,,,,
4009289,0,0,0,155000
4012862,,,,
4012907,,,,
4013487,,,,
4015370,,,,
4019743,0,0,7500,0
4020106,,,,
4022562,0,0,23000,20000
4023585,0,0,4000,0
4023675,0,0,200,0
4023773,9000,0,308722,0
4028352,,,,
4028674,0,0,500,0
4028715,0,0,150000,0
4029197,0,0,50000,0
4029928,0,750000,0,0
4030408,0,0,0,150000
4032567,,,,
4035970,0,0,60110,0
4036439,0,0,0,0
4036463,,,,
4037664,0,175000,0,0
4038529,0,0,12000,0
4038776,,,,
4043305,0,0,98200,0
4044454,,,,
4045493,0,0,9500,0
4051335,0,0,65300,0
4053428,,,,
4054130,,,,
4054184,0,0,10000,0
4054587,,,,
4059205,,,,
4059544,0,0,0,0
4060152,0,0,0,90000
4060812,0,0,16242,0
4063911,0,0,0,55746
4065690,0,0,585000,0
4065698,0,30000,48000,0
4069842,,,,
4070204,,,,
4071823,0,5000,10000,0
4072731,,,,
4073778,0,0,21000,0
4077450,0,5000,0,0
4078850,0,24000,4000,0
4085641,,,,
4087151,,,,
4087257,,,,
4087294,,,,
4088566,,,,
4090362,0,0,230000,10000
4090366,0,0,12000,0
4096153,40000,0,80000,0
4096992,,,,
4097307,,,,
4097327,,,,
4098718,,,,
4101618,0,0,100,0
4102167,0,0,53000,25000
4104362,0,0,50000,0
4109561,,,,
4111277,,,,
4113386,,,,
4113407,0,0,1000,0
4116271,0,0,35000,0
4116351,0,0,0,1000
4116669,0,0,1000,0
4116706,0,0,100,0
4118788,0,25000,0,0
4123703,,,,
4123901,0,0,10000,0
4125179,,,,
4130036,,,,
4132880,,,,
4133283,,,,
4136691,,,,
4137215,,,,
4137701,,,,
4138615,,,,
4139267,0,0,0,0
4140093,0,0,0,0
4140321,0,0,35000,0
4143264,0,0,20000,0
4144987,0,0,3000,0
4144991,0,0,8000,0
4145365,0,0,2500,0
4149739,0,0,0,100000
4149879,,,,
4152810,0,14500,18000,0
4160573,0,75000,0,0
4163097,0,10000,0,0
4163226,0,14048,0,0
4163319,0,0,10000,0
4171600,0,400000,0,0
4173105,0,0,1500,0
4175443,0,150000,0,0
4180142,,,,
4180531,,,,
4183893,0,0,3200,0
4184251,0,0,16400,0
4184446,,,,
4184618,,,,
4185586,0,0,250000,0
4186665,,,,
4188321,,,,
4193324,0,0,2600,0
4194415,,,,
4194801,,,,
4197095,0,0,130000,0
4197910,0,0,3500,0
4198277,,,,
4199002,,,,
4199046,,,,
4199117,0,6950,0,0
4199372,0,0,10000,75000
4200034,,,,
4200050,0,0,95000,0
4200102,0,0,132200,0
4203713,,,,
4204009,0,0,100,450000
4204820,0,0,1000,0
4206494,,,,
4207139,,,,
4208318,,,,
4208428,,,,
4211398,20000,0,500,0
4212603,,,,
4212732,0,0,24000,0
4213149,,,,
4213242,,,,
4213289,,,,
4214871,,,,
4215946,0,0,400,0
4218158,0,164000,30000,0
4218369,0,0,1000,0
4221293,,,,
4221802,0,0,14000,0
4222479,,,,
4222961,0,0,25000,0
4227614,,,,
4228714,,,,
4229921,0,0,500,0
4230155,,,,
4233002,,,,
4233522,0,7000000,500000,0
4239866,0,20000,0,0
4239896,0,10000,0,0
4240106,,,,
4243189,0,0,3522,0
4244689,0,15000,20000,0
4245465,,,,
4248415,,,,
4250413,0,0,1000,0
4250670,,,,
4250678,0,800000,0,0
4254994,,,,
4255412,,,,
4256480,,,,
4256485,,,,
4259325,0,0,10000,0
4262980,0,0,0,0
4264323,0,500000,0,0
4266763,0,0,15000,0
4266828,,,,
4266943,0,0,12000,0
4267002,0,0,1500,0
4268562,,,,
4268632,0,0,25000,350000
4269047,,,,
4269375,0,0,5000,0
4272141,,,,
4273502,,,,
4278213,0,68378,0,0
4278833,,,,
4279521,,,,
4282392,25000,0,0,1500000
4282685,,,,
4282907,,,,
4284321,0,0,131000,0
4284676,0,0,5000,0
4285408,,,,
4287738,,,,
4289271,0,0,50000,0
4290536,0,0,135000,0
4295328,0,0,500,0
4295445,,,,
4296791,,,,
4297017,0,0,15000,0
4298551,,,,
4299095,,,,
4299155,,,,
4299851,0,67770,0,0
4300579,,,,
4302310,0,0,0,80650
4304215,0,0,25000,0
4304271,0,500,0,0
4307427,,,,
4308132,,,,
4308762,0,0,31295,0
4312872,,,,
4333386,0,0,0,0
4333920,0,0,0,0
4336487,,,,
4337390,,,,
4337393,,,,
4337398,1200,0,0,0
4338035,0,0,10000,0
4347702,,,,
4351371,,,,
4358774,,,,
4359369,0,0,0,40000
4365637,0,0,2500,0
4373220,,,,
4374232,0,0,0,10000
4376237,0,0,0,34160
4377893,,,,
4384826,,,,
4387663,,,,
4389112,,,,
4391177,,,,
4395132,,,,
4398313,0,1000,0,0
4398319,0,0,950,0
4407058,0,0,150,0
4409431,0,0,0,0
4411483,,,,
4412633,,,,
4413797,0,0,3000,0
4416874,,,,
4416877,,,,
4418761,,,,
4423422,,,,
4424290,0,830,40,0
4433041,,,,
4443623,,,,
4445612,0,200,0,0
4445969,,,,
4448533,,,,
4448814,,,,
4454403,,,,
4454477,,,,
4455421,,,,
4456713,0,0,50,0
4460257,0,0,0,250000
4461249,0,0,25000,0
4461833,,,,
4465272,,,,
4467982,0,513500,0,0
4469830,0,0,750,0
4472752,0,1500,0,0
4478507,0,1000,0,0
4483387,0,0,0,5000
4483440,0,0,0,8449
4483642,,,,
4490269,0,0,0,500
4493743,,,,
4496705,0,100000,0,0
4497270,0,800,0,0
4499709,0,0,0,50000
4500417,0,350000,0,0
4504125,,,,
4504129,0,0,600,0
4505107,,,,
4505114,,,,
4505126,,,,
4507355,,,,
4510265,,,,
4510754,0,0,1400,0
4511904,,,,
4512323,0,3000000,300000,0
4512416,0,450000,1000,0
4512535,,,,
4515746,,,,
4517967,0,0,1500,0
4520072,0,0,35000,0
4521548,0,0,5000,0
4521620,,,,
4521644,0,0,15000,0
4523365,20349,0,1000000,0
4523636,0,0,10000,0
4525406,0,0,389000,0
4526697,,,,
4527996,0,0,0,288893
4529205,,,,
4531503,0,0,0,0
4532498,,,,
4533143,,,,
4534609,,,,
4534824,0,0,13000,0
4535644,,,,
4535941,0,0,1000,0
4536445,,,,
4537216,,,,
4537488,0,0,0,0
4540078,,,,
4541256,0,0,150000,0
4542865,0,0,21000,0
4543149,,,,
4543198,,,,
4544673,0,0,1500,0
4545498,,,,
4546980,0,0,15000,0
4549583,,,,
4549796,,,,
4550957,,,,
4550967,,,,
4553005,,,,
4553329,0,0,2500,0
4554630,0,0,25000,0
4556133,,,,
4559914,0,0,500,0
4560882,,,,
4564989,,,,
4565329,,,,
4565349,,,,
4570860,,,,
4571645,0,0,0,500
4572698,0,0,0,100
4574482,0,0,5000,0
4574921,,,,
4575911,,,,
4576364,,,,
4576794,0,0,363500,0
4580069,0,20000,0,0
4581663,0,0,0,0
4581997,60000,75000,180000,0
4582555,0,0,889,0
4582737,,,,
4582992,0,0,0,0
4584488,,,,
4584561,,,,
4589867,0,50000000,5000,0
4590019,0,0,19000,0
4590592,0,0,0,175
4591002,0,0,25000,0
4591888,,,,
4591962,,,,
4593049,0,0,200,0
4593910,,,,
4596078,,,,
4596109,0,0,87905,0
4597873,0,0,75000,0
4599613,0,3000,0,0
4603771,,,,
4606242,,,,
4608552,0,15000,0,0
4610013,0,0,500,0
4610720,0,12000,0,0
4611948,,,,
4616034,,,,
4616282,0,0,25000,70000
4616393,0,0,330000,0
4616403,,,,
4617252,0,0,180000,0
4618380,,,,
4620229,0,0,57000,0
4622841,,,,
4622894,0,0,1500,0
4623629,0,3000,150000,0
4624460,0,0,70000,0
4625272,0,0,0,7000
4630094,,,,
4630358,0,0,150,0
4632286,0,0,0,0
4633384,0,0,1500,4000
4638707,,,,
4638766,,,,
4639180,0,0,0,35500
4639273,0,50000,375000,0
4639601,0,163000,0,0
4639614,,,,
4640566,,,,
4650385,,,,
4651503,,,,
4653849,,,,
4653852,0,0,0,0
4674511,0,0,0,50000
4675789,0,0,230000,0
4679913,,,,
4682706,0,0,0,1000
4682999,0,0,500,3500
4695054,0,0,3000,0
4697167,0,0,170000,0
4697933,,,,
4699934,,,,
4700050,,,,
4704556,0,0,6000,0
4710768,0,0,3500,0
4713845,,,,
4718455,0,0,0,140000
4718474,0,0,90000,0
4724583,0,3000000,0,0
4724720,0,0,5000,0
4725841,,,,
4726183,,,,
4730510,0,0,1000,0
4731045,0,0,16000,0
4731610,,,,
4734798,,,,
4735193,,,,
4735671,,,,
4738217,0,0,14700,0
4738238,0,0,17760,0
4738426,,,,
4738477,0,20000,0,0
4739596,,,,
4739889,0,0,15500,0
4742223,,,,
4744831,,,,
4749053,,,,
4749130,,,,
4752545,0,2000,0,0
4753246,0,0,60000,0
4753340,,,,
4754560,0,0,0,100000
4755078,0,35000,0,0
4755272,0,1000,0,0
4756631,0,5000,0,0
4757720,0,0,0,48000
4759542,,,,
4762510,0,0,5000,0
4762720,,,,
4763548,,,,
4764542,,,,
4764900,0,0,4500,0
4765123,,,,
4765539,0,500000,0,0
4766540,0,200000,10000,0
4767586,0,5000,5000,0
4767983,0,0,72000,0
4768075,,,,
4771033,,,,
4772336,0,0,20000,2000
4772681,0,0,0,125000
4773654,0,0,0,0
4774152,0,0,1000,0
4774542,0,0,500,0
4774571,,,,
4775425,0,0,100000,0
4775565,0,0,0,0
4775599,0,0,2500,0
4777086,,,,
4778077,0,0,0,866
4778385,,,,
4782100,0,5000,0,0
4782276,0,0,65000,0
4782443,0,0,110000,0
4784765,,,,
4786304,0,0,2000,0
4786724,,,,
4786982,,,,
4789910,0,500000,0,0
4789941,,,,
4792090,0,0,600000,0
4793847,,,,
4794902,0,0,9422,4017
4799165,0,30293,0,0
4799457,,,,
4801981,0,0,50000,0
4804541,0,0,1000,0
4806229,0,0,405000,0
4809731,0,0,28000,0
4810362,,,,
4811698,,,,
4811729,0,0,0,31442
4811800,0,440662,0,0
4812017,,,,
4815923,,,,
4819654,,,,
4822568,,,,
4822625,0,0,0,0
4822809,0,0,5000,0
4822876,0,0,200,0
4824759,,,,
4826803,0,0,0,0
4829293,0,0,85000,0
4829678,,,,
4832331,0,400000,60000,0
4835980,0,0,0,20000
4836488,,,,
4836502,,,,
4837458,,,,
4837826,0,0,8000,0
4837899,0,0,100000,0
4838302,0,0,25000,0
4841422,,,,
4841992,,,,
4843658,0,0,19200,0
4845702,0,0,2100,0
4846260,0,0,80000,0
4853517,0,0,45000,0
4853547,,,,
4873555,0,12000,10000,0
4878155,0,4000,0,0
4878264,,,,
4878623,,,,
4879275,,,,
4884701,,,,
4886747,0,338000,0,0
4887155,0,30000,0,0
4891643,0,10000,0,0
4894454,,,,
4899636,,,,
4901645,,,,
4908594,,,,
4931219,0,0,222500,0
4945722,0,0,100000,0
4951274,,,,
4954895,0,0,105000,2246785
4960514,0,0,325000,0
4986898,0,0,28000,0
5003070,,,,
5013542,0,0,0,8773
5014262,0,0,283835,0
5026816,0,41000,0,0
5034882,,,,
5038295,0,0,10000,0
5053253,0,0,95000,0
5054258,0,0,0,0
5057924,,,,
5059336,,,,
5075399,0,0,650000,0
5079426,0,0,115000,0
5082247,0,0,42300,0
5086974,0,0,920000,0
5087755,0,0,22451,0
5094397,,,,
5094755,0,0,1000,0
5099123,0,0,255000,0
5099159,0,0,0,2000
5100261,,,,
5114071,,,,
5118192,,,,
5124873,0,80000,80000,0
5129858,,,,
5137050,0,0,0,50
5137432,0,20000,30000,0
5143157,,,,
5143434,0,0,292,0
5175339,0,0,25595,0
5175707,0,0,157000,0
5176025,0,0,0,2100
5180035,,,,
5182995,0,0,2000,0
5185146,,,,
5185574,,,,
5185947,,,,
5186521,0,0,25000,0
5186724,0,0,50000,50000
5190610,0,0,100,0
5197533,,,,
5201754,0,300000,0,0
5208648,0,0,32000,0
5231453,0,0,73510,0
5238287,0,0,0,145000
5718584,0,0,1000,0
5724783,0,0,0,0
5726648,0,0,0,0
5730878,0,0,0,0
5731823,0,85000,16000,0
5732439,0,0,0,0
5741184,0,0,0,0
5742735,0,48100,0,0
5746379,0,0,0,0
5752176,0,3000,0,0
5752341,0,0,10,0
5755873,0,0,0,0
5756468,0,0,70000,0
5762519,0,0,50000,0
5764674,0,0,1000,0
5766708,0,9100,0,0
5772371,0,0,40000,0
5775549,0,0,292500,0
5776670,0,0,0,0
5776753,0,0,3000,0
5777114,0,0,0,0
5779170,0,0,0,0
5780041,0,0,10000,0
5781153,0,0,0,0
5781562,0,100,0,0
5782033,0,0,0,0
5782234,0,0,0,0
5790384,0,0,0,410000
5790539,0,0,0,0
5791477,0,0,0,5000
5791897,0,5000,300,0
5792153,0,0,15000,0
5792208,0,0,49650,0
5793053,0,1,0,0
5793208,0,0,0,0
5793539,0,0,250,0
5793940,0,0,0,7100
5794006,0,0,1500,0
5795805,0,0,0,0
5795861,0,0,0,60000
5795989,0,0,80000,0
5796009,0,0,112000,0
5796660,0,0,0,0
5797582,0,0,350000,0
5798182,0,0,1582,0
5799523,0,0,0,0
5800313,0,0,12000,0
5800610,0,100000,0,0
5804473,0,0,100000,0
5804493,0,0,0,0
5804655,0,0,100000,0
5805305,0,0,165000,0
5807254,0,0,80000,0
5808156,0,300000,0,0
5808503,0,1000,0,0
5809442,0,0,75000,0
5812635,0,6000,0,0
5813784,0,0,0,0
5815983,0,0,155000,0
5816021,0,0,0,0
5816181,0,0,6150,0
5817045,0,0,0,0
5817846,0,0,0,0
5818343,0,0,0,0
5819902,0,0,121000,0
5819991,0,0,0,0
5822663,0,0,0,0
5825327,0,277322,30996,0
5825452,0,0,100000,0
5826769,0,0,0,0
5827014,0,0,12000,0
5828590,0,0,0,0
5829048,0,0,0,0
5831508,0,0,0,0
5833582,0,0,0,0
5834663,0,0,0,0
5835228,0,0,0,0
5836023,0,10000,57500,0
5837376,0,0,0,0
5839046,0,0,0,0
5839957,0,0,0,0
5840075,0,45000,325000,0
5840736,0,0,0,0
5842237,0,0,13500,30000
5848323,0,0,0,0
5848945,0,0,850000,0
5851729,0,0,0,0
5852833,0,0,0,0
5852847,0,0,0,0
5854941,0,0,0,0
5855125,0,0,0,0
5856958,0,0,0,0
5858337,0,0,0,0
5859353,0,0,0,0
5859627,0,0,10000,0
5862701,5000,0,18000,0
5865083,0,58600,0,0
5865570,0,0,0,0
5865835,0,0,0,0
5868760,0,0,0,0
5869528,0,0,500,0
5870266,0,21740,8000,0
5870343,0,1000,0,0
5870517,0,0,75000,0
5875630,0,500,0,0
5877043,0,0,0,0
5880531,0,0,0,0
5881127,0,0,8000,0
5882070,0,0,0,0
5893043,0,0,0,0
5895189,0,0,0,0
5895287,0,0,0,0
5896674,0,12947,5000,0
5899325,0,0,0,15000
5899357,0,0,20000,0
5901098,0,0,0,0
5901586,0,10000,3200,0
5908709,0,0,30000,0
5909028,0,0,0,0
5917758,0,0,0,0
5921270,0,0,2840,0
5925068,0,0,0,0
5925766,0,0,0,0
5925827,0,0,0,0
5938200,0,0,2500,0
5938700,0,0,100,0
5941046,0,0,0,0
5941542,0,0,0,0
5944653,0,0,0,0
5944824,0,0,0,0
5946183,0,0,52000,0
5946976,0,0,8500,0
5947020,0,0,10000,0
5949646,12412,0,47000,0
5953565,0,0,0,0
5955377,0,0,238396,0
5955904,0,0,0,0
5962281,0,0,0,0
5963305,0,0,0,0
5966574,0,85000,0,0
5967725,0,0,18600,0
5970497,0,0,0,0
5983258,0,0,0,0
5989381,0,60000,200000,0
5992674,0,0,1100,0
5993480,0,0,3000,0
5993863,0,15000,0,0
6000080,0,0,0,0
6000109,0,0,0,0
6002364,0,112000,0,0
6004131,0,0,25000,0
6004642,0,0,45000,0
6004973,0,0,0,0
6006287,0,125000,154500,5000
6009555,0,0,54000,5000
6013006,0,0,0,0
6013292,0,0,0,0
6015468,0,0,0,0
6016146,0,0,0,10000
6016615,0,25000,200000,50000
6016958,0,0,0,0
6017821,0,0,20000,0
6018339,0,0,0,0
6018364,0,0,1000,0
6018406,0,0,50000,0
6022337,0,0,0,0
6025828,0,0,0,0
6026198,0,0,0,0
6026399,0,0,5000,0
6027914,0,0,0,0
6030069,0,0,70000,0
6030174,0,37514,0,0
6030188,0,0,600,0
6030599,0,0,0,0
6030649,0,0,0,0
6031536,0,0,0,0
6033206,0,0,0,0
6034899,0,0,0,0
6036610,0,0,200,0
6037054,0,0,0,0
6037970,0,0,0,0
6040995,0,0,5000,0
6048263,0,0,24000,0
6049006,0,0,0,0
6049319,0,0,0,0
6050094,0,0,0,0
6050430,0,0,0,0
6051075,0,5000,500,0
6051693,0,0,40000,0
6052618,0,0,0,0
6054410,0,0,500,0
6054773,0,0,10000,0
6055987,0,0,0,0
6056878,0,0,15000,0
6057781,0,0,0,0
6061952,0,0,5000,0
6066421,0,0,0,0
6066645,0,0,0,6337
6069344,0,0,0,0
6069779,0,0,0,0
6073169,0,0,0,0
6077260,0,0,0,0
6077736,0,0,0,0
6077943,0,0,0,0
6081346,0,0,0,0
6081750,0,0,0,0
6081843,0,0,16000,0
6082226,0,0,0,0
6087210,0,0,2500,1350
6089079,0,0,25000,0
6089179,0,0,25000,0
6089757,0,0,0,49000
6090278,0,0,0,0
6092123,0,0,500,0
6092315,0,0,6570,0
6095556,0,0,30000,0
6100398,0,0,0,0
6101936,0,66788,0,0
6104107,0,1700000,71355,0
6105249,0,0,0,0
6108049,0,120000,0,0
6108369,0,0,40000,0
6108677,0,75000,0,0
6109129,0,0,3000,0
6110096,0,0,96400,0
6110147,0,0,0,0
6114692,0,350000,2000,0
6115109,0,629720,0,0
6115388,0,0,9763,0
6118220,0,0,0,0
6122300,0,28004,0,0
6123638,0,0,2000,0
6125163,0,0,0,0
6126213,0,0,0,0
6126388,0,0,0,0
6127204,0,0,0,0
6133220,0,0,0,0
6134496,0,0,199687,0
6134801,0,21756,0,0
6136112,0,0,15000,0
6136307,0,0,24000,0
6137010,0,0,0,0
6137094,0,28000,0,0
6137147,0,0,150000,0
6139449,0,5556,0,0
6139571,0,0,0,0
6141577,0,0,80000,0
6142476,0,0,12000,0
6142824,0,0,18000,0
6143112,0,0,0,0
6143714,0,0,0,0
6146344,0,0,100,0
6150372,0,0,1000,0
6150462,0,350000,10000,0
6150473,0,0,0,0
6154458,0,0,120000,0
6156451,0,0,0,0
6160600,0,2500,5000,0
6160619,0,0,6000,0
6161155,0,0,5000,1000
6162478,0,0,15000,0
6162796,0,0,0,0
6166228,0,500,0,0
6167437,0,50000,0,0
6167468,0,0,0,0
6168629,0,0,0,0
6168830,0,0,0,0
6170474,0,0,65000,225000
6171242,0,4000000,25000,0
6174329,0,0,0,0
6176133,0,0,0,0
6184295,0,0,0,0
6188210,0,0,95000,0
6188706,0,0,1000,0
6190467,0,0,0,500
6200007,0,0,5000,0
6200968,0,224000,0,0
6207048,0,2000,0,0
6219207,0,0,25000,0
6219281,0,0,0,0
6220219,0,0,400,100
6220220,0,0,0,0
6220255,0,0,0,0
6226987,0,0,0,447000
6227636,0,0,0,0
6228608,0,0,250,0
6228812,0,0,0,0
6230633,0,0,0,0
6233043,0,80000,0,0
6234595,0,0,0,0
6234611,0,0,181742,0
6245780,0,0,75000,0
6247244,0,0,0,0
6249678,0,17000,0,0
6254882,0,0,0,25000
6256097,100000,0,125000,0
6262814,0,0,15000,0
6266545,0,0,0,40000
6271064,0,0,0,0
6277168,0,0,0,0
6279293,0,0,2700,0
6279479,0,0,0,0
6279521,0,0,299000,0
6281159,0,37500,0,0
6284927,0,0,0,0
6286165,0,0,0,0
6289280,0,0,40000,0
6290428,0,60000,0,0
6290543,0,0,1000,0
6293586,0,0,0,0
6294042,0,0,0,0
6295629,0,800000,152660,0
6295663,0,0,0,0
6296257,0,0,0,0
6301579,0,0,0,0
6301606,0,0,5000,0
6301631,0,0,100000,0
6301815,0,0,0,0
6301939,0,0,0,0
6302779,0,0,0,0
6303983,0,0,300000,0
6306597,0,0,10000,0
6313151,0,0,3000,0
6313995,0,0,0,0
6314089,0,0,0,0
6314754,0,0,20000,0
6318536,0,110000,0,0
6319470,0,0,0,2500
6320431,0,570000,40500,0
6320587,0,0,7500,0
6325961,0,0,0,0
6328724,0,0,0,0
6329282,0,0,0,0
6329325,0,0,0,0
6332371,0,0,75000,0
6332442,0,0,0,0
6332569,0,0,0,0
6336041,0,0,0,0
6339949,0,0,30000,0
6341305,0,0,0,0
6341670,0,0,0,0
6343508,0,91000,15000,10000
6348600,0,0,0,0
6349933,0,0,0,0
6350730,0,0,100000,0
6354943,0,0,0,0
6358228,0,0,0,0
6359461,0,0,0,0
6360324,0,0,15000,0
6363610,0,0,10000,0
6366002,0,0,7500,0
6367419,0,0,110000,0
6367538,0,0,0,0
6368943,0,0,60000,0
6369539,0,0,25000,0
6373317,0,0,74004,0
6375382,0,0,0,0
6375463,0,0,999,0
6378956,0,0,0,0
6379672,0,0,3500,0
6381772,0,0,0,0
6383724,0,0,84000,0
6385347,0,0,0,0
6385380,0,0,150000,0
6386353,0,0,0,0
6386420,0,0,5000,30000
6386584,0,0,0,0
6386851,0,0,0,0
6387786,0,0,0,8000
6388735,0,0,0,0
6389027,0,0,5000,0
6389617,0,0,0,0
6389884,0,48000,0,0
6390122,0,0,0,0
6390292,0,0,0,0
6392316,0,0,0,0
6393696,0,0,0,0
6395607,0,0,0,0
6397026,0,0,0,5000
6397512,0,0,13500,0
6397551,0,0,18000,0
6398083,0,156000,0,0
6398148,0,0,156000,0
6398735,0,0,0,0
6399728,0,0,25000,0
6399995,0,0,45621,0
6403349,0,0,0,0
6403429,0,0,100750,0
6405820,0,0,0,0
6408136,0,0,6000,0
6410020,0,0,0,0
6411105,0,0,0,0
6413876,0,0,0,0
6415917,0,0,0,0
6417692,0,0,0,0
6420320,0,50000,0,0
6431372,250000,0,488000,8000
6440974,0,0,25000,0
6445085,0,0,0,0
6449899,0,0,0,56000
6459841,0,0,100000,0
6465195,0,0,20000,0
6465764,0,0,1600,0
6469585,0,15000,10000,0
6474160,0,0,0,45000
6477741,0,0,0,0
6477786,0,0,0,0
6481263,0,0,0,0
6489765,0,0,0,0
6491239,0,0,0,0
6491390,0,0,2500,0
6491586,0,0,0,0
6498849,0,0,0,0
6503125,0,0,12000,12000
6503974,0,0,0,0
6505563,0,0,0,0
6507263,0,0,0,0
6511680,0,0,250000,0
6512017,0,0,0,0
6513733,0,0,25000,0
6514101,0,0,0,0
6526954,0,0,0,0
6528607,100000,15000,0,0
6531663,0,0,0,0
6532969,0,0,100,0
6534212,0,0,0,0
6537257,0,0,150000,0
6539386,0,0,0,0
6542218,0,0,1200,0
6545254,0,0,2000,0
6545827,0,0,0,0
6547162,0,0,0,0
6547780,0,0,0,0
6549120,0,0,0,0
6549769,0,0,200000,0
6549881,0,0,0,0
6550114,0,0,2500,0
6558400,0,800000,0,0
6564256,0,0,0,0
6564279,0,0,0,0
6572470,0,0,22000,0
6572678,0,0,2500,0
6575704,0,0,0,0
6575883,0,0,75000,0
6576405,0,0,10000,45000
6576603,0,0,1200,0
6578123,0,0,48000,0
6579728,0,0,0,0
6579979,0,0,277000,0
6579980,0,0,0,60000
6580073,0,0,0,0
6580651,0,0,0,0
6580806,0,0,0,0
6585635,0,0,0,0
6586080,0,175000,150000,0
6586942,0,0,18000,0
6588071,0,530264,0,0
6588951,0,0,0,0
6589325,0,10000,500,0
6589741,0,0,30000,0
6591299,0,0,130500,0
6592883,0,0,342000,0
6593218,0,0,0,0
6593639,0,0,0,0
6593759,0,0,0,0
6593865,0,0,0,0
6595771,0,0,0,0
6598794,0,0,0,0
6599337,0,0,0,0
6599569,0,0,100,0
6599593,0,0,70000,0
6601393,0,0,50000,0
6602328,0,0,0,0
6602370,0,0,60000,0
6603641,0,0,5000,0
6603647,0,0,360000,0
6604901,0,0,20000,0
6604986,0,0,0,0
6605194,0,0,104000,0
6606581,0,0,25000,0
6606812,0,0,0,0
6607357,0,25000,200000,0
6609850,0,0,18000,0
6609925,0,0,0,0
6612177,0,0,29911,0
6612921,0,60000,40000,0
6614921,0,0,0,0
6615184,0,0,0,0
6616783,0,0,0,0
6617509,0,50000,0,0
6618076,0,0,0,0
6618427,0,0,0,0
6623738,0,0,0,0
6623967,0,0,0,0
6624408,0,0,26279,1500000
6625760,0,150000,20000,0
6631583,0,0,25000,0
6631918,0,0,165779,0
6633634,0,0,0,0
6633712,0,0,125000,0
6633794,0,0,800000,0
6634967,0,0,0,0
6637350,0,0,21000,0
6637984,0,0,0,12585
6638286,0,20000,0,0
6638633,0,0,25000,0
6640057,0,0,1500,0
6641910,0,4800000,65000,0
6642311,0,20000,10000,0
6642387,0,0,97000,0
6642419,0,0,0,0
6646064,0,0,75000,0
6647296,0,0,0,0
6647522,0,0,15000,5578
6648613,0,235000,0,0
6648813,0,0,7000,0
6649429,0,0,49525,0
6650421,0,0,0,0
6650472,0,0,0,0
6650748,0,250000,15000,0
6652561,0,0,15000,0
6653590,0,0,10000,0
6653925,0,0,0,0
6655805,0,0,0,0
6658034,0,0,302038,0
6658293,0,0,6243,0
6658766,0,0,0,0
6666081,0,0,0,0
6666131,0,0,1000,0
6666175,0,0,0,5095
6668312,0,0,162105,690000
6670619,0,575000,53787,0
6673813,0,0,0,0
6675062,0,0,0,0
6679550,0,0,300000,0
6679559,0,0,50000,0
6681025,0,0,0,0
6681809,0,0,20000,0
6683152,0,0,100,0
6686504,0,0,0,0
6688547,0,0,2000,0
6688964,0,0,0,0
6689001,0,0,50,0
6694019,0,35000,0,0
6696982,0,0,0,0
6698139,0,0,5000,0
6699640,0,0,290000,100000
6701498,0,0,0,0
6703459,0,0,500,0
6706771,0,0,0,0
6713104,0,0,500,0
6713991,0,0,0,0
6716118,0,0,0,0
6716172,0,0,20000,0
6720252,0,0,0,0
6721186,0,3500000,1000000,0
6723764,0,0,0,0
6724147,0,0,0,0
6727429,0,0,40000,0
6727861,0,0,20000,0
6728677,0,0,300,0
6734549,0,0,35000,0
6742496,0,5000,0,0
6742697,0,0,0,0
6747539,0,0,0,0
6751068,0,0,0,0
6751988,0,25000,0,0
6753282,0,0,0,0
6754158,0,0,25000,0
6758112,0,0,0,0
6761644,0,0,0,0
6762829,0,0,0,0
6763972,0,0,0,0
6767215,0,0,0,0
6768371,0,0,0,0
6772915,0,0,25000,0
6773140,0,0,473227,0
6773552,0,0,0,0
6775564,0,0,112000,0
6777659,0,0,0,0
6777741,0,400000,0,0
6782229,0,200000,0,0
6783497,0,0,0,4999
6785435,0,100000,0,0
6789262,0,0,7500,0
6790694,0,0,0,58576
6792688,0,0,0,0
6796189,0,0,50000,0
6796412,0,0,0,0
6797694,0,0,0,0
6801042,0,0,0,0
6802643,0,0,50000,0
6802730,486000,0,173000,0
