facility_damage,summary_point,lat,long,highlight_in_map2
0.0,POINT (-88.68561983615558 37.136738446189085),37.13674,-88.68562,False
25000.0,POINT (-89.6116652170801 40.66750132260197),40.6675,-89.61167,True
0.0,POINT (-90.9058541579266 32.314876078846986),32.31488,-90.90585,False
60000.0,POINT (-90.9114862894326 30.098386690093797),30.09839,-90.91149,True
0.0,POINT (-90.6077972222222 39.6328333333333),39.63283,-90.6078,False
0.0,POINT (-90.06986666666667 29.871),29.871,-90.06987,False
50000.0,POINT (-76.10028333333332 36.71778333333334),36.71778,-76.10028,True
0.0,POINT (-91.212726 29.692561),29.69256,-91.21273,False
0.0,POINT (-91.212726 29.692561),29.69256,-91.21273,False
0.0,POINT (-95.06182765960547 29.79254428349036),29.79254,-95.06183,False
150000.0,POINT (-88.04462074503431 30.737465805247083),30.73747,-88.04462,True
0.0,POINT (-90.58723229380186 34.49638259152694),34.49638,-90.58723,False
0.0,POINT (-91.214333 29.696562),29.69656,-91.21433,False
0.0,POINT (-90.16840553283664 29.943461838093896),29.94346,-90.16841,False
0.0,POINT (-90.90560629409951 32.314781579282425),32.31478,-90.90561,False
0.0,POINT (-89.08399784974412 41.32160403488),41.3216,-89.084,False
20000.0,POINT (-90.16831970214841 29.94427994728113),29.94428,-90.16832,True
0.0,POINT (-87.54316937148691 41.71813353075184),41.71813,-87.54317,False
0.0,POINT (-90.90654945373517 32.31369733027444),32.3137,-90.90655,False
4800000.0,POINT (-87.90738755353733 31.494523951298724),31.49452,-87.90739,True
20000.0,POINT (-87.6207468509678 41.6506843117285),41.65068,-87.62075,True
0.0,POINT (-87.9996409228182 36.01774784024352),36.01775,-87.99964,False
0.0,POINT (-79.84297482944933 40.35800241942152),40.358,-79.84297,False
0.0,POINT (-87.41288369894144 37.86236604295642),37.86237,-87.41288,False
0.0,POINT (-90.168 42.06433333333333),42.06433,-90.168,False
0.0,POINT (-87.53388671875 41.7175008138021),41.7175,-87.53389,False
235000.0,POINT (-90.73 29.38465),29.38465,-90.73,True
0.0,POINT (-90.02545 29.969116666666668),29.96912,-90.02545,False
0.0,POINT (-91.41924957272045 31.558976774050645),31.55898,-91.41925,False
0.0,POINT (-118.27216666666666 33.7495),33.7495,-118.27217,False
0.0,POINT (-88.01521563244815 32.237807119340296),32.23781,-88.01522,False
0.0,POINT (-90.16586666666669 29.942666666666668),29.94267,-90.16587,False
0.0,POINT (-88.08864212036178 41.51617631419618),41.51618,-88.08864,False
0.0,POINT (-90.37181666666666 29.94145),29.94145,-90.37182,False
0.0,POINT (-79.99656772613667 40.43249289506489),40.43249,-79.99657,False
0.0,POINT (-90.17916666666666 38.62833333333333),38.62833,-90.17917,False
0.0,POINT (-90.02606666666665 29.968366666666668),29.96837,-90.02607,False
0.0,POINT (-73.81889799981053 40.8679922687896),40.86799,-73.8189,False
0.0,POINT (-76.68998336792338 34.72092593827218),34.72093,-76.68998,False
0.0,POINT (-87.63799881935226 41.8842426265851),41.88424,-87.638,False
0.0,POINT (-87.82636666666667 41.78281666666666),41.78282,-87.82637,False
575000.0,POINT (-91.74587581919505 30.53890738486725),30.53891,-91.74588,True
0.0,POINT (-86.60044838520032 30.40073159301636),30.40073,-86.60045,False
0.0,POINT (-90.72113333333331 29.56798333333333),29.56798,-90.72113,False
0.0,POINT (-90.17916666666666 38.62833333333333),38.62833,-90.17917,False
0.0,POINT (-87.5668393368965 41.63919170569942),41.63919,-87.56684,False
0.0,POINT (-90.16888333333331 29.94475),29.94475,-90.16888,False
0.0,POINT (-91.74676752090384 30.53869908799745),30.5387,-91.74677,False
0.0,POINT (-89.11988711357115 41.32377451929568),41.32377,-89.11989,False
0.0,POINT (-90.38358306884744 29.5708244535282),29.57082,-90.38358,False
0.0,POINT (-89.35159778595005 41.10850679435461),41.10851,-89.3516,False
0.0,POINT (-87.36457443237374 36.52279319226386),36.52279,-87.36457,False
0.0,POINT (-87.90717312775335 31.494415250592727),31.49442,-87.90717,False
0.0,POINT (-90.60683333333331 39.6325),39.6325,-90.60683,False
0.0,POINT (-88.58970444149395 41.30375325590989),41.30375,-88.5897,False
0.0,POINT (-90.6672 30.0493),30.0493,-90.6672,False
0.0,POINT (-81.7089757919333 41.500027134517886),41.50003,-81.70898,False
0.0,POINT (-90.90311622619588 32.31341240056392),32.31341,-90.90312,False
0.0,POINT (-87.99978986151353 41.6792094240879),41.67921,-87.99979,False
0.0,POINT (-90.6485 42.498),42.498,-90.6485,False
0.0,POINT (-90.18657649956751 38.67463903472549),38.67464,-90.18658,False
0.0,POINT (-89.83677989 37.90265686),37.90266,-89.83678,False
0.0,POINT (-91.099354 29.668585),29.66858,-91.09935,False
3500000.0,POINT (-90.91255760192838 30.09826183324111),30.09826,-90.91256,True
0.0,POINT (-91.099354 29.668585),29.66858,-91.09935,False
0.0,POINT (-90.02603697709911 30.00447223683908),30.00447,-90.02604,False
0.0,POINT (-90.60768699645982 39.632777856853934),39.63278,-90.60769,False
0.0,POINT (-91.79808259035617 30.98193921508388),30.98194,-91.79808,False
0.0,POINT (-90.1902065277098 29.683335252166),29.68334,-90.19021,False
0.0,POINT (-89.08292163621273 41.32317790098014),41.32318,-89.08292,False
5000.0,POINT (-93.96400652957817 29.823456146964055),29.82346,-93.96401,True
0.0,POINT (-90.72076356411232 29.56831946285733),29.56832,-90.72076,False
0.0,POINT (-90.18674916389203 38.67459676771308),38.6746,-90.18675,False
0.0,POINT (-73.815817 40.861935),40.86194,-73.81582,False
25000.0,POINT (-90.37403333333332 29.941016666666663),29.94102,-90.37403,True
0.0,POINT (-80.33081648281728 40.67903014033564),40.67903,-80.33082,False
0.0,POINT (-88.015385 32.23772),32.23772,-88.01538,False
0.0,POINT (-86.77806914980383 36.17152130555299),36.17152,-86.77807,False
0.0,POINT (-91.63809398 30.36514058),30.36514,-91.63809,False
0.0,POINT (-91.21257477141512 29.692530457638373),29.69253,-91.21257,False
0.0,POINT (-90.16600227356032 42.06424983254005),42.06425,-90.166,False
0.0,POINT (-90.16851666666666 29.94463333333333),29.94463,-90.16852,False
0.0,POINT (-93.05044984817418 44.91859035099175),44.91859,-93.05045,False
0.0,POINT (-90.7205 29.5679166666667),29.56792,-90.7205,False
0.0,POINT (-91.03235543325522 39.44471445513098),39.44471,-91.03236,False
0.0,POINT (-89.467222695335 37.216507782362285),37.21651,-89.46722,False
0.0,POINT (-91.21265 29.69248333333333),29.69248,-91.21265,False
400000.0,POINT (-89.6306 30.1559),30.1559,-89.6306,True
200000.0,POINT (-90.5654305555556 39.8307361111111),39.83074,-90.56543,True
0.0,POINT (-93.26577758788969 30.194453125142317),30.19445,-93.26578,False
100000.0,POINT (-74.87423515320232 38.95575456063486),38.95575,-74.87424,True
0.0,POINT (-88.08310604095557 41.53627279930341),41.53627,-88.08311,False
0.0,POINT (-90.72948074340792 29.384473630360247),29.38447,-90.72948,False
0.0,POINT (-90.02606666666665 29.968366666666668),29.96837,-90.02607,False
0.0,POINT (-89.08280371341827 41.32232677978092),41.32233,-89.0828,False
0.0,POINT (-91.63809398 30.36514058),30.36514,-91.63809,False
0.0,POINT (-76.29610633850437 36.75815678199399),36.75816,-76.29611,False
0.0,POINT (-90.64845657348609 42.49806311665506),42.49806,-90.64846,False
0.0,POINT (-87.6212752965977 41.650804562098),41.6508,-87.62128,False
0.0,POINT (-90.16848333333331 29.9444),29.9444,-90.16848,False
300000.0,POINT (-76.18639326095938 36.723689254610086),36.72369,-76.18639,True
0.0,POINT (-91.37355370500951 40.39032290937416),40.39032,-91.37355,False
0.0,POINT (-75.09130096435936 38.331539686356635),38.33154,-75.0913,False
0.0,POINT (-87.907309 31.494472),31.49447,-87.90731,False
0.0,POINT (-95.06485675373642 29.792051359266484),29.79205,-95.06486,False
0.0,POINT (-82.59453795241815 38.402977464132775),38.40298,-82.59454,False
0.0,POINT (-90.05721187591561 29.934982855759788),29.93498,-90.05721,False
0.0,POINT (-82.62325859070013 27.750190628677313),27.75019,-82.62326,False
0.0,POINT (-87.83871890733833 36.49085004701392),36.49085,-87.83872,False
0.0,POINT (-76.34556832933086 36.85660796213896),36.85661,-76.34557,False
0.0,POINT (-90.168 42.06433333333333),42.06433,-90.168,False
0.0,POINT (-90.56666698491472 41.518583892095045),41.51858,-90.56667,False
0.0,POINT (-87.45234962436824 41.66007630281094),41.66008,-87.45235,False
0.0,POINT (-91.28126478195155 43.8332642816182),43.83326,-91.28126,False
0.0,POINT (-91.41921615600477 39.93058585050876),39.93059,-91.41922,False
0.0,POINT (-90.60683333333331 39.6325),39.6325,-90.60683,False
0.0,POINT (-89.6785 40.5525),40.5525,-89.6785,False
0.0,POINT (-90.7205 29.567916666666665),29.56792,-90.7205,False
0.0,POINT (-91.29167379863856 40.626299179046725),40.6263,-91.29167,False
0.0,POINT (-93.86796569824111 29.9796753156566),29.97968,-93.86797,False
10000.0,POINT (-76.3029730965891 36.978596937035995),36.9786,-76.30297,True
0.0,POINT (-88.5823 41.30835),41.30835,-88.5823,False
0.0,POINT (-88.563763 30.368853),30.36885,-88.56376,False
0.0,POINT (-90.16837 42.06497),42.06497,-90.16837,False
2000.0,POINT (-91.983025 29.950685),29.95068,-91.98302,True
9037.0,POINT (-76.29498333333333 36.77518333333333),36.77518,-76.29498,True
0.0,POINT (-91.0920583333333 40.7985638888889),40.79856,-91.09206,False
0.0,POINT (-91.2942555555556 40.6255),40.6255,-91.29426,False
0.0,POINT (-91.216703 29.695193),29.69519,-91.2167,False
2000.0,POINT (-91.033493041992 39.44543874333623),39.44544,-91.03349,True
0.0,POINT (-121.51683333333334 38.570833333333326),38.57083,-121.51683,False
0.0,POINT (-89.46137215786835 40.93006706988298),40.93007,-89.46137,False
0.0,POINT (-81.70033022378261 41.488344231594816),41.48834,-81.70033,False
0.0,POINT (-90.7205 29.5679166666667),29.56792,-90.7205,False
0.0,POINT (-77.47770524025313 43.06268676858718),43.06269,-77.47771,False
0.0,POINT (-89.6015 29.3835),29.3835,-89.6015,False
0.0,POINT (-90.16883333333332 29.9445),29.9445,-90.16883,False
4500.0,POINT (-91.2835 43.83416666666666),43.83417,-91.2835,True
0.0,POINT (-80.2601813907935 27.2036295896244),27.20363,-80.26018,False
0.0,POINT (-88.08638837157022 41.52752960181744),41.52753,-88.08639,False
0.0,POINT (-90.00946666666665 29.87068333333333),29.87068,-90.00947,False
0.0,POINT (-118.2402151316481 33.76599819026295),33.766,-118.24022,False
1.0,POINT (-73.8105 40.59616666666666),40.59617,-73.8105,True
0.0,POINT (-91.7344722747798 30.690680110992748),30.69068,-91.73447,False
0.0,POINT (-77.81256376989145 34.21800256665624),34.218,-77.81256,False
0.0,POINT (-90.7205 29.5679166666667),29.56792,-90.7205,False
0.0,POINT (-76.295 36.775),36.775,-76.295,False
0.0,POINT (-90.12780761718764 29.73350671976449),29.73351,-90.12781,False
0.0,POINT (-95.11282293532848 39.56012663137743),39.56013,-95.11282,False
250695.0,POINT (-76.04883333333333 36.61633333333333),36.61633,-76.04883,True
25000.0,POINT (-87.5426955100463 41.71378487705182),41.71378,-87.5427,True
0.0,POINT (-88.08748135794161 41.52073797243719),41.52074,-88.08748,False
937000.0,POINT (-89.63074064254796 30.155442385970208),30.15544,-89.63074,True
142000.0,POINT (-93.82155 30.044793),30.04479,-93.82155,True
0.0,POINT (-88.68846988678025 37.13847474324509),37.13847,-88.68847,False
50000.0,POINT (-88.01520948908218 32.23768599342426),32.23769,-88.01521,True
0.0,POINT (-88.68611568273593 37.1359595256283),37.13596,-88.68612,False
0.0,POINT (-88.68850111092834 37.13844488515819),37.13844,-88.6885,False
0.0,POINT (-90.1790363625115 38.628823618917245),38.62882,-90.17904,False
0.0,POINT (-90.90459513776058 32.31431499973982),32.31431,-90.9046,False
0.0,POINT (-75.0641940203987 38.4525859803618),38.45259,-75.06419,False
35000.0,POINT (-76.29486641119118 36.775021323155485),36.77502,-76.29487,True
0.0,POINT (-89.4671795368195 37.21651294829365),37.21651,-89.46718,False
5000.0,POINT (-93.24646568298249 30.238212827901037),30.23821,-93.24647,True
0.0,POINT (-89.46643924713163 37.21684616235116),37.21685,-89.46644,False
0.0,POINT (-88.68370375829215 37.13546409793412),37.13546,-88.6837,False
0.0,POINT (-87.83814506418545 36.49135759066867),36.49136,-87.83815,False
0.0,POINT (-88.28587127680865 37.02622242128864),37.02622,-88.28587,False
0.0,POINT (-88.01521666666666 32.23761666666667),32.23762,-88.01522,False
0.0,POINT (-88.39942864628837 37.148557420893376),37.14856,-88.39943,False
0.0,POINT (-77.89938068390212 34.05587605973401),34.05588,-77.89938,False
0.0,POINT (-84.82415771484507 39.10389061693639),39.10389,-84.82416,False
0.0,POINT (-87.63261894300923 41.88745977445985),41.88746,-87.63262,False
20000.0,POINT (-74.19648112815891 40.63838728523712),40.63839,-74.19648,True
0.0,POINT (-88.68830480626502 37.12988509652276),37.12989,-88.6883,False
0.0,POINT (-90.3745 29.945583333333328),29.94558,-90.3745,False
0.0,POINT (-94.58862222174153 39.11267982583266),39.11268,-94.58862,False
0.0,POINT (-76.18744468689324 36.72359466040693),36.72359,-76.18744,False
0.0,POINT (-88.28467941284235 37.0253423461135),37.02534,-88.28468,False
0.0,POINT (-87.5473937988287 37.90524917796356),37.90525,-87.54739,False
0.0,POINT (-88.62920379638717 37.11226442732962),37.11226,-88.6292,False
0.0,POINT (-87.83208818237158 32.84594852483632),32.84595,-87.83209,False
0.0,POINT (-88.015385 32.23772),32.23772,-88.01538,False
0.0,POINT (-87.99937820434624 36.01815883548719),36.01816,-87.99938,False
0.0,POINT (-88.58599557401347 41.305915424689054),41.30592,-88.586,False
120000.0,POINT (-90.37383333333331 29.9425),29.9425,-90.37383,True
0.0,POINT (-88.015385 32.23772),32.23772,-88.01538,False
0.0,POINT (-87.82986225115857 32.54544427131374),32.54544,-87.82986,False
0.0,POINT (-88.247894 30.405801),30.4058,-88.24789,False
5000.0,POINT (-86.41906356811612 30.427563630595863),30.42756,-86.41906,True
0.0,POINT (-85.03303776523934 29.76498266073587),29.76498,-85.03304,False
0.0,POINT (-90.9057361111111 32.3149222222222),32.31492,-90.90574,False
3000.0,POINT (-76.29520511627568 36.775010914852686),36.77501,-76.29521,True
0.0,POINT (-89.8362579538239 37.90253347397304),37.90253,-89.83626,False
0.0,POINT (-90.16557930380912 42.06438679389344),42.06439,-90.16558,False
0.0,POINT (-122.73191591335426 48.032051288478655),48.03205,-122.73192,False
0.0,POINT (-90.91219499422688 30.09775512276099),30.09776,-90.91219,False
0.0,POINT (-90.90418910980192 32.31422845688947),32.31423,-90.90419,False
0.0,POINT (-90.90517616271964 32.31330359249821),32.3133,-90.90518,False
0.0,POINT (-90.9057361111111 32.3149222222222),32.31492,-90.90574,False
0.0,POINT (-91.09079344185876 40.798808715824656),40.79881,-91.09079,False
0.0,POINT (-90.168 42.06433333333333),42.06433,-90.168,False
75000.0,POINT (-90.38529968261741 29.568584900888037),29.56858,-90.3853,True
0.0,POINT (-87.907309 31.494472),31.49447,-87.90731,False
0.0,POINT (-87.54311075258165 41.719399606809326),41.7194,-87.54311,False
0.0,POINT (-82.04184925465563 39.01304756908408),39.01305,-82.04185,False
0.0,POINT (-91.29705809493481 40.62832237880718),40.62832,-91.29706,False
0.0,POINT (-90.02588371425091 30.004534685240905),30.00453,-90.02588,False
5000.0,POINT (-88.11502822244873 30.41583707558267),30.41584,-88.11503,True
0.0,POINT (-91.2837909628641 43.83494325650443),43.83494,-91.28379,False
0.0,POINT (-88.83957481384294 41.34142317180312),41.34142,-88.83957,False
0.0,POINT (-88.68413853460572 37.13571916606645),37.13572,-88.68414,False
0.0,POINT (-89.20783333333334 41.3125),41.3125,-89.20783,False
0.0,POINT (-90.9057361111111 32.3149222222222),32.31492,-90.90574,False
0.0,POINT (-88.68663943825732 37.13409558318868),37.1341,-88.68664,False
0.0,POINT (-84.54193261118705 39.096645031450464),39.09665,-84.54193,False
0.0,POINT (-90.16837 42.06497),42.06497,-90.16837,False
0.0,POINT (-90.16843333333334 29.944716666666668),29.94472,-90.16843,False
0.0,POINT (-91.0323722222222 39.4464),39.4464,-91.03237,False
10000.0,POINT (-92.1393981319741 29.974803646048443),29.9748,-92.1394,True
0.0,POINT (-76.29280185699919 36.79697005206253),36.79697,-76.2928,False
0.0,POINT (-122.39409542082944 47.277524811439285),47.27752,-122.3941,False
10000.0,POINT (-90.16890258317724 29.94386208426449),29.94386,-90.1689,True
0.0,POINT (-90.6460944444444 39.70335),39.70335,-90.64609,False
0.0,POINT (-89.83791446685807 37.90218185734095),37.90218,-89.83791,False
1500.0,POINT (-71.41534515546918 41.531445165341815),41.53145,-71.41535,True
0.0,POINT (-81.71034966028456 41.49745066075894),41.49745,-81.71035,False
0.0,POINT (-90.60760116577136 39.632926587031626),39.63293,-90.6076,False
0.0,POINT (-74.833593 38.991086),38.99109,-74.83359,False
0.0,POINT (-91.28042 43.8332277777778),43.83323,-91.28042,False
0.0,POINT (-93.0511055555556 44.9182777777778),44.91828,-93.05111,False
500.0,POINT (-93.34775329980013 30.0650565950674),30.06506,-93.34775,True
0.0,POINT (-90.1791027777778 38.6289583333333),38.62896,-90.1791,False
0.0,POINT (-87.99897535632041 41.68262618120468),41.68263,-87.99898,False
0.0,POINT (-90.59449364290077 41.511447914872335),41.51145,-90.59449,False
0.0,POINT (-89.8021 30.2344),30.2344,-89.8021,False
900.0,POINT (-88.56366666666666 30.36883333333333),30.36883,-88.56367,True
0.0,POINT (-88.0006639866099 36.017646842939826),36.01765,-88.00066,False
2000.0,POINT (-89.26417922973691 30.342156639559956),30.34216,-89.26418,True
0.0,POINT (-80.76196289062732 28.531063864574207),28.53106,-80.76196,False
0.0,POINT (-88.52439444675208 37.0336056202526),37.03361,-88.52439,False
0.0,POINT (-85.36918258667095 38.72896071682064),38.72896,-85.36918,False
0.0,POINT (-91.0934977874206 40.79753379656583),40.79753,-91.0935,False
0.0,POINT (-89.15032482147238 36.97768273588494),36.97768,-89.15032,False
0.0,POINT (-89.14753532409682 36.99252756112539),36.99253,-89.14754,False
0.0,POINT (-88.36774335071615 37.157987673039806),37.15799,-88.36774,False
0.0,POINT (-86.7486813096885 36.16070453070871),36.1607,-86.74868,False
0.0,POINT (-74.87382476049318 38.95628178956699),38.95628,-74.87382,False
0.0,POINT (-91.0338333333333 39.443333333333335),39.44333,-91.03383,False
0.0,POINT (-91.04516666666666 39.454166666666666),39.45417,-91.04517,False
200000.0,POINT (-75.20498333333333 39.93566666666667),39.93567,-75.20498,True
0.0,POINT (-88.85051792243473 30.40861718721136),30.40862,-88.85052,False
5000.0,POINT (-85.55049434767325 35.021342614594374),35.02134,-85.55049,True
0.0,POINT (-91.21218821505836 29.69256672219077),29.69257,-91.21219,False
0.0,POINT (-90.1841239142227 41.83750522232339),41.83751,-90.18412,False
0.0,POINT (-88.04375425760823 30.736873383635285),30.73687,-88.04375,False
0.0,POINT (-85.55165863037206 35.023085930544696),35.02309,-85.55166,False
0.0,POINT (-91.03332138061485 39.44552159457257),39.44552,-91.03332,False
0.0,POINT (-88.129 30.2895),30.2895,-88.129,False
0.0,POINT (-93.2462940216056 30.23806452280947),30.23806,-93.24629,False
20000.0,POINT (-90.16573405265859 42.064227787793946),42.06423,-90.16573,True
0.0,POINT (-74.05008603873206 40.10644598664188),40.10645,-74.05009,False
0.0,POINT (-90.183790683747 41.8377540637022),41.83775,-90.18379,False
36000.0,POINT (-81.68969718164878 41.48621096352902),41.48621,-81.6897,True
0.0,POINT (-90.165834638479 42.06419132869468),42.06419,-90.16583,False
0.0,POINT (-88.1202420241079 36.77263919513096),36.77264,-88.12024,False
0.0,POINT (-91.1586316062192 33.29501279051418),33.29501,-91.15863,False
,POINT (-75.2045974731485 39.94098413291472),39.94098,-75.2046,False
0.0,POINT (-91.03296079102108 39.445698454743486),39.4457,-91.03296,False
0.0,POINT (-90.38547134399398 29.56904214692035),29.56904,-90.38547,False
486400.0,POINT (-75.99189774745112 37.088788233300654),37.08879,-75.9919,True
0.0,POINT (-95.26567576265536 29.725470538166885),29.72547,-95.26568,False
0.0,POINT (-89.61196517944347 36.1153492017885),36.11535,-89.61197,False
0.0,POINT (-90.16519165253268 42.06440744154516),42.06441,-90.16519,False
0.0,POINT (-87.18509011509026 30.39274561610439),30.39275,-87.18509,False
0.0,POINT (-91.2808287285459 43.83327314449173),43.83327,-91.28083,False
0.0,POINT (-91.0991964340208 29.66760025594645),29.6676,-91.0992,False
0.0,POINT (-88.97562529605165 30.41540563500208),30.41541,-88.97563,False
0.0,POINT (-73.8840883249481 40.57154457326045),40.57154,-73.88409,False
0.0,POINT (-90.16591644286626 42.06488888154312),42.06489,-90.16592,False
0.0,POINT (-88.68557760382886 37.137667186261694),37.13767,-88.68558,False
0.0,POINT (-82.1320722222222 38.833525),38.83352,-82.13207,False
350000.0,POINT (-76.29734443074149 36.76728391548632),36.76728,-76.29734,True
0.0,POINT (-70.96783827218289 42.24417999843718),42.24418,-70.96784,False
0.0,POINT (-90.71534013748148 29.56847292195229),29.56847,-90.71534,False
0.0,POINT (-122.67303886100646 45.53209718714924),45.5321,-122.67304,False
35000.0,POINT (-76.29556896155765 36.77412760597007),36.77413,-76.29557,True
500000.0,POINT (-90.127666283694 29.733532070556983),29.73353,-90.12767,True
0.0,POINT (-82.17563359086664 41.469781634871914),41.46978,-82.17563,False
164.0,POINT (-76.29577333319514 36.775252861886734),36.77525,-76.29577,True
5000.0,POINT (-91.03369247091925 39.44532787934288),39.44533,-91.03369,True
0.0,POINT (-90.72118735313391 29.56837027448544),29.56837,-90.72119,False
0.0,POINT (-91.09911060333224 29.66821553309529),29.66822,-91.09911,False
0.0,POINT (-89.14627719266173 36.994303652732505),36.9943,-89.14628,False
2000.0,POINT (-76.295 36.77528333333333),36.77528,-76.295,True
0.0,POINT (-86.7806210061094 36.176062250681454),36.17606,-86.78062,False
0.0,POINT (-91.7333333333333 30.6916666666667),30.69167,-91.73333,False
350000.0,POINT (-77.27187882352237 34.57265457234376),34.57265,-77.27188,True
0.0,POINT (-73.9757294168466 40.36579046707845),40.36579,-73.97573,False
21000.0,POINT (-80.18291444859607 25.778951334894305),25.77895,-80.18291,True
5000.0,POINT (-74.87415 38.95611666666667),38.95612,-74.87415,True
0.0,POINT (-84.87834653523913 29.682701425512548),29.6827,-84.87835,False
0.0,POINT (-89.15311059806224 36.99651310415075),36.99651,-89.15311,False
0.0,POINT (-74.27912250416688 40.498922959793994),40.49892,-74.27912,False
0.0,POINT (-87.9071424007421 31.494407004848757),31.49441,-87.90714,False
0.0,POINT (-87.90737641236723 31.494537333121272),31.49454,-87.90738,False
1100000.0,POINT (-89.63042414188372 30.155460939682065),30.15546,-89.63042,True
0.0,POINT (-93.28577091999016 30.082978683841517),30.08298,-93.28577,False
0.0,POINT (-93.22819 30.01115),30.01115,-93.22819,False
10.0,POINT (-87.6242099274851 41.8888698199659),41.88887,-87.62421,True
0.0,POINT (-87.56701494826126 41.63901462562608),41.63901,-87.56701,False
0.0,POINT (-88.08859015257207 41.51638042501218),41.51638,-88.08859,False
0.0,POINT (-90.90663528442356 32.31555226595931),32.31555,-90.90664,False
0.0,POINT (-89.67513656616201 40.55429150243076),40.55429,-89.67514,False
0.0,POINT (-91.09935416338853 29.66856487241369),29.66856,-91.09935,False
0.0,POINT (-87.90702438354566 31.493437271147187),31.49344,-87.90702,False
0.0,POINT (-90.16960716247553 29.943982453809827),29.94398,-90.16961,False
125000.0,POINT (-91.3316507704985 30.155327741269467),30.15533,-91.33165,True
0.0,POINT (-122.39451880822872 47.27762796220631),47.27763,-122.39452,False
200.0,POINT (-73.81144709125076 40.5959339416303),40.59593,-73.81145,True
0.0,POINT (-84.33131790161276 35.74642405576374),35.74642,-84.33132,False
0.0,POINT (-90.182675 38.6650916666667),38.66509,-90.18268,False
0.0,POINT (-88.68745787484677 37.132286325355295),37.13229,-88.68746,False
3500.0,POINT (-82.68816447258187 27.44434298928272),27.44434,-82.68816,True
0.0,POINT (-87.55035495758126 37.90450422339724),37.9045,-87.55035,False
0.0,POINT (-89.20059116908284 41.311202917035374),41.3112,-89.20059,False
0.0,POINT (-88.01533955462044 32.237474695639946),32.23747,-88.01534,False
0.0,POINT (-90.60815091677809 39.632702586891305),39.6327,-90.60815,False
0.0,POINT (-91.2123641967767 29.69250034903216),29.6925,-91.21236,False
0.0,POINT (-91.21433937165459 29.696721056789933),29.69672,-91.21434,False
0.0,POINT (-91.21175981913163 29.692432088469225),29.69243,-91.21176,False
0.0,POINT (-87.56696319580145 41.639153917484286),41.63915,-87.56696,False
0.0,POINT (-89.17389526661881 37.02380068232908),37.0238,-89.1739,False
0.0,POINT (-76.57777882423932 34.715958605206254),34.71596,-76.57778,False
0.0,POINT (-89.466073396208 37.21697815742384),37.21698,-89.46607,False
0.0,POINT (-91.04658222198493 39.45667247145596),39.45667,-91.04658,False
0.0,POINT (-87.4118027687083 37.86899162232227),37.86899,-87.4118,False
500.0,POINT (-76.69343333333333 34.7207),34.7207,-76.69343,True
0.0,POINT (-85.31336581707082 29.83191297664863),29.83191,-85.31337,False
90000.0,POINT (-89.2642189435072 30.34237407335712),30.34237,-89.26422,True
0.0,POINT (-90.58737711158028 34.49629015585624),34.49629,-90.58738,False
0.0,POINT (-89.14778556028246 36.97874183986449),36.97874,-89.14779,False
0.0,POINT (-76.29571666666665 36.775016666666666),36.77502,-76.29572,False
30000.0,POINT (-82.6880583257653 27.444196422967885),27.4442,-82.68806,True
0.0,POINT (-90.6104006888963 39.44920131309224),39.4492,-90.6104,False
0.0,POINT (-90.07694721813337 35.12818956840398),35.12819,-90.07695,False
0.0,POINT (-77.04162537748067 38.874994125005216),38.87499,-77.04163,False
0.0,POINT (-91.09166479110685 40.79866266329313),40.79866,-91.09166,False
10000.0,POINT (-74.87380988949678 38.95607059216292),38.95607,-74.87381,True
0.0,POINT (-91.0331459579953 39.4448643283624),39.44486,-91.03315,False
0.0,POINT (-93.448028 32.19869),32.19869,-93.44803,False
123551.0,POINT (-81.952 26.45433333333333),26.45433,-81.952,True
0.0,POINT (-87.5664911270146 41.639275539297664),41.63928,-87.56649,False
0.0,POINT (-91.03452301025379 39.44439480931139),39.44439,-91.03452,False
0.0,POINT (-89.1487819596432 36.978218867592325),36.97822,-89.14878,False
0.0,POINT (-76.18633333333332 36.72366666666667),36.72367,-76.18633,False
0.0,POINT (-88.00072749830454 36.01818198103706),36.01818,-88.00073,False
0.0,POINT (-91.0323722222222 39.4464),39.4464,-91.03237,False
0.0,POINT (-76.29245853424422 36.79696471907336),36.79696,-76.29246,False
0.0,POINT (-82.68829321861497 27.4446095882076),27.44461,-82.68829,False
0.0,POINT (-91.0338333333333 39.443333333333335),39.44333,-91.03383,False
0.0,POINT (-84.87490374912731 29.678005338616163),29.67801,-84.8749,False
0.0,POINT (-90.18421560305268 41.83655822878236),41.83656,-90.18422,False
0.0,POINT (-95.55516666666665 28.94983333333333),28.94983,-95.55517,False
0.0,POINT (-91.2812862396239 43.83326032166869),43.83326,-91.28129,False
0.0,POINT (-91.2835 43.83416666666666),43.83417,-91.2835,False
0.0,POINT (-91.4714916087009 29.68095120273864),29.68095,-91.47149,False
0.0,POINT (-91.27604133677393 43.83513151903418),43.83513,-91.27604,False
0.0,POINT (-91.4203611111111 39.9311888888889),39.93119,-91.42036,False
0.0,POINT (-73.2625448732407 40.63034072623064),40.63034,-73.26254,False
0.0,POINT (-90.16578769683805 42.06418796264735),42.06419,-90.16579,False
0.0,POINT (-91.7977777777778 30.9816666666667),30.98167,-91.79778,False
0.0,POINT (-79.84396076202688 40.35787529856148),40.35788,-79.84396,False
0.0,POINT (-91.26246666666665 43.80921666666666),43.80922,-91.26247,False
0.0,POINT (-90.168 42.06433333333333),42.06433,-90.168,False
0.0,POINT (-91.74590671365763 30.539130200116915),30.53913,-91.74591,False
0.0,POINT (-90.16711807250931 42.0703048121023),42.0703,-90.16712,False
0.0,POINT (-90.90421056747388 32.314282860383486),32.31428,-90.90421,False
0.0,POINT (-87.56443119049139 41.665906223811646),41.66591,-87.56443,False
50.0,POINT (-81.79001666666667 26.14175),26.14175,-81.79002,True
0.0,POINT (-90.02549674711757 29.96863301145404),29.96863,-90.0255,False
0.0,POINT (-88.04833420493107 30.726382286487535),30.72638,-88.04833,False
0.0,POINT (-87.99906147196867 41.682728614538405),41.68273,-87.99906,False
0.0,POINT (-90.59454538608244 41.51145795106656),41.51146,-90.59455,False
0.0,POINT (-90.1278 29.7335),29.7335,-90.1278,False
0.0,POINT (-87.9071584939962 31.49440534875777),31.49441,-87.90716,False
25000.0,POINT (-90.16837 42.06497),42.06497,-90.16837,True
0.0,POINT (-90.16803151946192 29.94532602915553),29.94533,-90.16803,False
0.0,POINT (-90.18418319269944 38.614740106731006),38.61474,-90.18418,False
0.0,POINT (-94.38873216054307 29.5948570075307),29.59486,-94.38873,False
100000.0,POINT (-85.7909116745008 38.27762310009562),38.27762,-85.79091,True
0.0,POINT (-88.58514214257019 41.30625918469029),41.30626,-88.58514,False
0.0,POINT (-124.32111666666668 43.33925),43.33925,-124.32112,False
84000.0,POINT (-76.295038 36.775168),36.77517,-76.29504,True
0.0,POINT (-91.28145 43.83306666666667),43.83307,-91.28145,False
0.0,POINT (-90.6077972222222 39.6328333333333),39.63283,-90.6078,False
0.0,POINT (-73.81055409424735 40.596215366419),40.59622,-73.81055,False
0.0,POINT (-88.04470881593129 30.737576538854142),30.73758,-88.04471,False
0.0,POINT (-89.67805480957034 40.553769793849696),40.55377,-89.67805,False
0.0,POINT (-90.6077972222222 39.6328333333333),39.63283,-90.6078,False
0.0,POINT (-82.68768333333334 27.443316666666668),27.44332,-82.68768,False
0.0,POINT (-89.67537887033299 40.55406245783171),40.55406,-89.67538,False
0.0,POINT (-77.89962869260171 34.0558274242594),34.05583,-77.89963,False
0.0,POINT (-90.3737333333333 29.94543333333333),29.94543,-90.37373,False
0.0,POINT (-90.01773333333334 29.963833333333334),29.96383,-90.01773,False
0.0,POINT (-91.7333333333333 30.6916666666667),30.69167,-91.73333,False
0.0,POINT (-91.28203610437448 43.832673909115),43.83267,-91.28204,False
0.0,POINT (-87.91344022750934 43.04662344763336),43.04662,-87.91344,False
10000.0,POINT (-76.2956778956072 36.773621690836144),36.77362,-76.29568,True
0.0,POINT (-86.77654373489342 36.16830617279802),36.16831,-86.77654,False
0.0,POINT (-80.7402733009517 40.012081283039606),40.01208,-80.74027,False
0.0,POINT (-88.0845 41.531666666666666),41.53167,-88.0845,False
0.0,POINT (-74.27977180481379 40.4966181140558),40.49662,-74.27977,False
24200000.0,POINT (-90.12448552613637 29.728833709907065),29.72883,-90.12449,True
0.0,POINT (-88.5850688022861 41.30558437284865),41.30558,-88.58507,False
0.0,POINT (-122.12256897922408 38.042394782142765),38.04239,-122.12257,False
0.0,POINT (-88.9752 30.4156),30.4156,-88.9752,False
0.0,POINT (-87.66088628473305 44.09218809882938),44.09219,-87.66089,False
0.0,POINT (-83.13565 42.282733333333326),42.28273,-83.13565,False
0.0,POINT (-92.25566666666668 34.7485),34.7485,-92.25567,False
0.0,POINT (-88.08658218383829 41.52472330409505),41.52472,-88.08658,False
0.0,POINT (-91.28126210259437 43.833246763953376),43.83325,-91.28126,False
0.0,POINT (-88.1042633056646 41.50251068128169),41.50251,-88.10426,False
0.0,POINT (-86.77787320827862 36.17116096156723),36.17116,-86.77787,False
50000.0,POINT (-90.02603387832646 30.00419954169957),30.0042,-90.02603,True
0.0,POINT (-70.25881890510003 43.64434520782663),43.64435,-70.25882,False
0.0,POINT (-91.33154688386078 30.155491693329814),30.15549,-91.33155,False
0.0,POINT (-85.77105525005386 38.263857757591886),38.26386,-85.77106,False
0.0,POINT (-89.0316546611939 30.424841440301027),30.42484,-89.03165,False
0.0,POINT (-88.12703913531548 36.772314905154175),36.77231,-88.12704,False
0.0,POINT (-87.90685711553002 43.02973935808413),43.02974,-87.90686,False
65493.0,POINT (-94.091595 30.081925),30.08192,-94.0916,True
10500.0,POINT (-76.31793333333333 37.013533333333335),37.01353,-76.31793,True
0.0,POINT (-84.7275558727155 45.82850384103344),45.8285,-84.72756,False
0.0,POINT (-91.03406072193508 39.443805580655344),39.44381,-91.03406,False
0.0,POINT (-73.81796882928752 40.86330247245588),40.8633,-73.81797,False
0.0,POINT (-80.09940039699131 26.138188609888104),26.13819,-80.0994,False
0.0,POINT (-87.54162243912104 41.727496677597166),41.7275,-87.54162,False
0.0,POINT (-89.1490209343843 36.99158270607342),36.99158,-89.14902,False
0.0,POINT (-91.26935577392446 43.82664678368237),43.82665,-91.26936,False
0.0,POINT (-89.61092667780126 36.11309172691451),36.11309,-89.61093,False
0.0,POINT (-88.08028969842243 41.54655647810198),41.54656,-88.08029,False
0.0,POINT (-91.09916272164948 29.667240786643102),29.66724,-91.09916,False
0.0,POINT (-89.61196517944339 36.11282887626621),36.11283,-89.61197,False
20000.0,POINT (-76.29555903248304 36.77370383149263),36.7737,-76.29556,True
0.0,POINT (-95.588263 29.011081),29.01108,-95.58826,False
0.0,POINT (-88.58561587488313 41.30598047530691),41.30598,-88.58562,False
0.0,POINT (-81.56600271966086 39.27116125181831),39.27116,-81.566,False
0.0,POINT (-81.56681005038942 39.27178344215979),39.27178,-81.56681,False
0.0,POINT (-88.68813212164467 37.13012928195776),37.13013,-88.68813,False
0.0,POINT (-87.94502592086847 30.836913554919807),30.83691,-87.94503,False
0.0,POINT (-88.10391998291064 41.49988249680041),41.49988,-88.10392,False
0.0,POINT (-89.17809104919453 37.023129453436255),37.02313,-89.17809,False
0.0,POINT (-91.73412895202588 30.691049154484656),30.69105,-91.73413,False
0.0,POINT (-88.09167057764724 41.51092860705747),41.51093,-88.09167,False
0.0,POINT (-89.17780942035584 37.02252770452064),37.02253,-89.17781,False
0.0,POINT (-90.60771972690115 39.63255985232427),39.63256,-90.60772,False
0.0,POINT (-88.68798262698112 37.129716169671205),37.12972,-88.68798,False
0.0,POINT (-90.9078411789823 32.310696819356984),32.3107,-90.90784,False
0.0,POINT (-87.55117034912105 37.90768715836127),37.90769,-87.55117,False
0.0,POINT (-77.2718469699586 34.57287389852556),34.57287,-77.27185,False
60000.0,POINT (-85.60822977747684 30.104581244185745),30.10458,-85.60823,True
36000.0,POINT (-93.96431064605628 29.82327557556912),29.82328,-93.96431,True
2500000.0,POINT (-87.36547565460235 36.52286216750496),36.52286,-87.36548,True
10000.0,POINT (-93.28558301925604 30.083092024111615),30.08309,-93.28558,True
0.0,POINT (-88.58560180664136 41.305455420728165),41.30546,-88.5856,False
0.0,POINT (-93.964321 29.823397),29.8234,-93.96432,False
0.0,POINT (-90.9046794604696 32.31542342106891),32.31542,-90.90468,False
0.0,POINT (-89.264650777088 30.34245611970028),30.34246,-89.26465,False
0.0,POINT (-81.56582956857893 39.27147870607416),39.27148,-81.56583,False
0.0,POINT (-90.0665025338026 35.15304771088783),35.15305,-90.0665,False
0.0,POINT (-87.41240626573686 37.869066789268686),37.86907,-87.41241,False
0.0,POINT (-89.14793653075674 36.993734351976016),36.99373,-89.14794,False
0.0,POINT (-88.68318957752798 37.13021932142634),37.13022,-88.68319,False
0.0,POINT (-82.5733972222222 38.4054388888889),38.40544,-82.5734,False
0.0,POINT (-86.77823983468838 36.17156302998644),36.17156,-86.77824,False
0.0,POINT (-85.75860069724713 38.26050555571191),38.26051,-85.7586,False
0.0,POINT (-91.09956357820585 29.661381069443717),29.66138,-91.09956,False
0.0,POINT (-91.74596636648691 30.53895782439703),30.53896,-91.74597,False
0.0,POINT (-82.57414615344577 38.403955959795375),38.40396,-82.57415,False
0.0,POINT (-85.7635778429494 38.26151874274319),38.26152,-85.76358,False
0.0,POINT (-89.14556121826192 36.99396579945556),36.99397,-89.14556,False
0.0,POINT (-88.39944411917924 37.14855782175256),37.14856,-88.39944,False
0.0,POINT (-89.17783355712906 37.02261550236246),37.02262,-89.17783,False
0.0,POINT (-88.68781075255858 37.13300075357097),37.133,-88.68781,False
0.0,POINT (-84.54203224182271 39.097677106569904),39.09768,-84.54203,False
0.0,POINT (-93.86342629270506 39.20974746367663),39.20975,-93.86343,False
0.0,POINT (-93.28575468063232 30.082861412655014),30.08286,-93.28575,False
1500000.0,POINT (-90.71078333333332 29.596766666666667),29.59677,-90.71078,True
0.0,POINT (-88.74354050899753 37.14231327384309),37.14231,-88.74354,False
10000.0,POINT (-91.74589870630344 30.538728727937563),30.53873,-91.7459,True
0.0,POINT (-88.74354004772337 37.14231847449329),37.14232,-88.74354,False
0.0,POINT (-76.27954101562845 36.88878626051701),36.88879,-76.27954,False
0.0,POINT (-88.13155746460019 37.68998326262437),37.68998,-88.13156,False
0.0,POINT (-90.03452306985857 30.031690486105347),30.03169,-90.03452,False
0.0,POINT (-95.276508521229 29.726960046675288),29.72696,-95.27651,False
0.0,POINT (-90.90383333333331 32.317166666666665),32.31717,-90.90383,False
0.0,POINT (-95.08039039200224 29.800676530662614),29.80068,-95.08039,False
0.0,POINT (-88.04471826553402 30.738201297415024),30.7382,-88.04472,False
0.0,POINT (-88.68563426250978 37.13731015820421),37.13731,-88.68563,False
0.0,POINT (-86.83170286274284 36.182371477924136),36.18237,-86.8317,False
150000.0,POINT (-77.27186783500261 34.57260548626517),34.57261,-77.27187,True
0.0,POINT (-90.16837 42.06497),42.06497,-90.16837,False
25000.0,POINT (-91.33137731483312 30.15534961735821),30.15535,-91.33138,True
25000.0,POINT (-87.63170635700261 30.29514543641829),30.29515,-87.63171,True
2000.0,POINT (-76.29466666666667 36.774833333333326),36.77483,-76.29467,True
0.0,POINT (-89.59416666666665 40.68183333333333),40.68183,-89.59417,False
0.0,POINT (-91.1987373829554 30.50705412761397),30.50705,-91.19874,False
0.0,POINT (-74.01015615463682 40.18754433107832),40.18754,-74.01016,False
0.0,POINT (-91.2585 43.78766666666667),43.78767,-91.2585,False
0.0,POINT (-91.21157674066734 29.692849027709094),29.69285,-91.21158,False
0.0,POINT (-91.26978492736792 43.8259720211241),43.82597,-91.26978,False
0.0,POINT (-90.1865972222222 38.6746138888889),38.67461,-90.1866,False
0.0,POINT (-90.61030483245838 39.457716221414906),39.45772,-90.6103,False
0.0,POINT (-90.43407623062696 40.02306503689649),40.02307,-90.43408,False
0.0,POINT (-95.20751666666665 29.21215),29.21215,-95.20752,False
0.0,POINT (-90.16351010061483 42.09865261233528),42.09865,-90.16351,False
0.0,POINT (-91.0323722222222 39.4464),39.4464,-91.03237,False
0.0,POINT (-90.1654185280529 42.06411185737578),42.06411,-90.16542,False
0.0,POINT (-85.77044105529882 38.26337111364642),38.26337,-85.77044,False
0.0,POINT (-90.16837 42.06497),42.06497,-90.16837,False
0.0,POINT (-90.18308744035437 41.83782078613065),41.83782,-90.18309,False
0.0,POINT (-84.50134849548489 39.09572871398571),39.09573,-84.50135,False
0.0,POINT (-74.08699607849533 40.78260385786202),40.7826,-74.087,False
0.0,POINT (-91.09935416338853 29.66856487241369),29.66856,-91.09935,False
0.0,POINT (-71.96868772029248 41.35469657125351),41.3547,-71.96869,False
0.0,POINT (-91.09935416 29.66856487),29.66856,-91.09935,False
0.0,POINT (-91.41979080123551 31.558732525317275),31.55873,-91.41979,False
0.0,POINT (-88.84571988332587 41.34194408792976),41.34194,-88.84572,False
0.0,POINT (-91.03457665443443 39.44478007250015),39.44478,-91.03458,False
1200.0,POINT (-91.09935416 29.66856487),29.66856,-91.09935,True
0.0,POINT (-90.008846282959 29.87188845638508),29.87189,-90.00885,False
,POINT (-91.29516666666666 40.62833333333333),40.62833,-91.29517,False
0.0,POINT (-81.717073 30.273645),30.27364,-81.71707,False
50000.0,POINT (-89.63034999999998 30.155416666666667),30.15542,-89.63035,True
1000.0,POINT (-92.34149813959633 29.60011545374397),29.60012,-92.3415,True
0.0,POINT (-89.14572400826793 36.97992163469311),36.97992,-89.14572,False
0.0,POINT (-74.8741 38.956243),38.95624,-74.8741,False
0.0,POINT (-74.71577660453487 39.118975547408816),39.11898,-74.71578,False
0.0,POINT (-88.83961582787674 41.34193414944059),41.34193,-88.83962,False
3100.0,POINT (-90.16591644287033 42.06565351151819),42.06565,-90.16592,True
0.0,POINT (-69.67129536095139 43.8816642776502),43.88166,-69.6713,False
0.0,POINT (-93.28581 30.08281),30.08281,-93.28581,False
0.0,POINT (-87.54323025397811 41.722887319165686),41.72289,-87.54323,False
0.0,POINT (-70.96734340283982 42.24490932547084),42.24491,-70.96734,False
12000.0,POINT (-87.90710778954526 31.494402981762835),31.4944,-87.90711,True
2000.0,POINT (-76.29533386230834 36.775105445690194),36.77511,-76.29533,True
0.0,POINT (-89.83838653564489 37.90286601468194),37.90287,-89.83839,False
0.0,POINT (-95.08492808982449 29.805291779980767),29.80529,-95.08493,False
0.0,POINT (-75.20568333333334 39.935516666666665),39.93552,-75.20568,False
0.0,POINT (-76.29483333333333 36.775333333333336),36.77533,-76.29483,False
0.0,POINT (-76.29531240463629 36.775071070853755),36.77507,-76.29531,False
60000.0,POINT (-91.2750157342738 43.83267748490112),43.83268,-91.27502,True
0.0,POINT (-84.54235678911324 39.09713454655958),39.09713,-84.54236,False
0.0,POINT (-75.52011666666665 39.68875),39.68875,-75.52012,False
0.0,POINT (-88.0153879532316 32.237707529918474),32.23771,-88.01539,False
20000.0,POINT (-85.60541009903038 30.107098122127457),30.1071,-85.60541,True
0.0,POINT (-87.94470405578633 30.836867494415092),30.83687,-87.9447,False
10000.0,POINT (-70.88800317049619 42.53936139101914),42.53936,-70.888,True
0.0,POINT (-79.96133422851823 32.89133904949939),32.89134,-79.96133,False
0.0,POINT (-79.89453333333331 40.157),40.157,-79.89453,False
0.0,POINT (-122.23038333333334 37.76908333333333),37.76908,-122.23038,False
5000.0,POINT (-76.29445409775148 36.775672628267166),36.77567,-76.29445,True
25000.0,POINT (-90.38553346280237 29.569134023998625),29.56913,-90.38553,True
0.0,POINT (-73.89379119873472 41.072928393085775),41.07293,-73.89379,False
0.0,POINT (-87.9099104404456 43.03732377075756),43.03732,-87.90991,False
0.0,POINT (-90.65446472167936 42.48733573129241),42.48734,-90.65446,False
50.0,POINT (-97.20169748272895 26.0708184760684),26.07082,-97.2017,True
30.0,POINT (-73.84349833543149 40.76484660729856),40.76485,-73.8435,True
0.0,POINT (-90.16643142700316 42.06552607382604),42.06553,-90.16643,False
0.0,POINT (-80.00178194046259 40.43569407703176),40.43569,-80.00178,False
0.0,POINT (-74.4208 39.38595),39.38595,-74.4208,False
50000.0,POINT (-91.28042 43.8332277777778),43.83323,-91.28042,True
0.0,POINT (-118.1825698 46.56486933),46.56487,-118.18257,False
2000.0,POINT (-89.63119137809953 30.155614289480692),30.15561,-89.63119,True
0.0,POINT (-90.02508974075296 29.969898233538625),29.9699,-90.02509,False
100000.0,POINT (-91.28042 43.8332277777778),43.83323,-91.28042,True
85000.0,POINT (-88.0444901632922 30.7384461625028),30.73845,-88.04449,True
0.0,POINT (-93.34786261976096 30.06566943579628),30.06567,-93.34786,False
0.0,POINT (-91.09910470044883 29.66792084287734),29.66792,-91.0991,False
0.0,POINT (-89.62783333333331 36.10883333333334),36.10883,-89.62783,False
0.0,POINT (-87.90715971798248 31.494405041872128),31.49441,-87.90716,False
0.0,POINT (-82.5733972222222 38.4054388888889),38.40544,-82.5734,False
50000.0,POINT (-87.195141 30.548756),30.54876,-87.19514,True
0.0,POINT (-90.1833972222222 38.6146777777778),38.61468,-90.1834,False
0.0,POINT (-70.91752624512309 41.63926935455444),41.63927,-70.91753,False
0.0,POINT (-76.09244924747102 36.90743755052436),36.90744,-76.09245,False
0.0,POINT (-91.74550151824904 30.539031748955903),30.53903,-91.7455,False
0.0,POINT (-89.46743578271295 37.21601273162469),37.21601,-89.46744,False
0.0,POINT (-90.1840333333333 41.8366583333333),41.83666,-90.18403,False
0.0,POINT (-72.08654558658998 41.363180302861124),41.36318,-72.08655,False
40000.0,POINT (-122.18915319441884 48.017227732168),48.01723,-122.18915,True
450.0,POINT (-91.21176876418669 29.6910901722006),29.69109,-91.21177,True
0.0,POINT (-73.9291416666667 40.8037527777778),40.80375,-73.92914,False
0.0,POINT (-88.60835220403027 30.37656794881266),30.37657,-88.60835,False
0.0,POINT (-97.39528283341848 27.81267885480649),27.81268,-97.39528,False
0.0,POINT (-85.76331836367513 38.26149798926579),38.2615,-85.76332,False
0.0,POINT (-87.9072222222222 31.4944444444444),31.49444,-87.90722,False
0.0,POINT (-93.2470700867056 30.23806452280914),30.23806,-93.24707,False
0.0,POINT (-91.1972222222222 30.5069444444444),30.50694,-91.19722,False
0.0,POINT (-88.74116498580743 37.14510582457334),37.14511,-88.74116,False
0.0,POINT (-89.1470406018431 36.99341737447545),36.99342,-89.14704,False
0.0,POINT (-91.79753457571672 30.981350173705817),30.98135,-91.79753,False
0.0,POINT (-95.26680743694179 29.7249137207246),29.72491,-95.26681,False
0.0,POINT (-89.62341666666667 40.63506666666667),40.63507,-89.62342,False
0.0,POINT (-90.61035548715094 39.45667980624056),39.45668,-90.61036,False
0.0,POINT (-95.08422550992762 29.80639784691354),29.8064,-95.08423,False
0.0,POINT (-75.81272720926334 38.4884748283017),38.48847,-75.81273,False
0.0,POINT (-88.01533955462044 32.237474695639946),32.23747,-88.01534,False
100000.0,POINT (-89.62861412712142 30.15626220458753),30.15626,-89.62861,True
0.0,POINT (-90.58760332496648 34.496400692110335),34.4964,-90.5876,False
0.0,POINT (-88.8940773010255 30.41927424370368),30.41927,-88.89408,False
0.0,POINT (-95.49287169108833 35.952249047323775),35.95225,-95.49287,False
0.0,POINT (-91.19919052944584 30.50705058039715),30.50705,-91.19919,False
0.0,POINT (-90.00899648666413 29.871962883685526),29.87196,-90.009,False
0.0,POINT (-90.44984436035104 40.01504259119848),40.01504,-90.44984,False
0.0,POINT (-77.04032905124485 38.87560389098284),38.8756,-77.04033,False
0.0,POINT (-91.79722839345315 30.98133125845177),30.98133,-91.79723,False
0.0,POINT (-91.42367935180624 31.556942722199175),31.55694,-91.42368,False
150000.0,POINT (-91.27532255973347 43.835002713919295),43.835,-91.27532,True
0.0,POINT (-80.43228333333333 40.627133333333326),40.62713,-80.43228,False
0.0,POINT (-89.67535546172378 40.55423222561223),40.55423,-89.67536,False
0.0,POINT (-72.09297513685632 41.357835314237086),41.35784,-72.09298,False
0.0,POINT (-87.8321478366866 32.845829534038884),32.84583,-87.83215,False
0.0,POINT (-87.83219054133241 32.84597119424863),32.84597,-87.83219,False
0.0,POINT (-77.038729305335 38.874374326860575),38.87437,-77.03873,False
0.0,POINT (-88.06237792968666 36.444535705156085),36.44454,-88.06238,False
500.0,POINT (-91.0340949038575 39.44393553054955),39.44394,-91.03409,True
0.0,POINT (-88.84029364585926 41.34220450873404),41.3422,-88.84029,False
150000.0,POINT (-89.6766815185569 40.553248081201886),40.55325,-89.67668,True
0.0,POINT (-81.56491346200822 39.27072233569397),39.27072,-81.56491,False
0.0,POINT (-87.90710778954526 31.494402981762835),31.4944,-87.90711,False
0.0,POINT (-91.2141237258908 29.696607409720112),29.69661,-91.21412,False
0.0,POINT (-89.6752611111111 40.5539055555556),40.55391,-89.67526,False
0.0,POINT (-91.42164510498816 31.559639932224652),31.55964,-91.42165,False
0.0,POINT (-90.65085557921992 42.498841443382354),42.49884,-90.65086,False
0.0,POINT (-90.64982986450175 42.498703172268726),42.4987,-90.64983,False
0.0,POINT (-90.59918975830023 41.507338953696575),41.50734,-90.59919,False
0.0,POINT (-88.04842814457265 30.726459503681436),30.72646,-88.04843,False
0.0,POINT (-90.9110985564898 30.10145486912532),30.10145,-90.9111,False
0.0,POINT (-90.1791027777778 38.6289583333333),38.62896,-90.1791,False
0.0,POINT (-89.14815262219763 36.97799493514817),36.97799,-89.14815,False
0.0,POINT (-91.32267670392545 30.39480238981415),30.3948,-91.32268,False
0.0,POINT (-90.1839052388239 41.83616557165815),41.83617,-90.18391,False
0.0,POINT (-95.26748617868536 29.724723998239472),29.72472,-95.26749,False
0.0,POINT (-72.3486355603503 41.31079991375156),41.3108,-72.34864,False
0.0,POINT (-94.5875782968002 39.11279299006564),39.11279,-94.58758,False
0.0,POINT (-90.59318993085316 41.50966157021682),41.50966,-90.59319,False
0.0,POINT (-87.63816498103688 41.88188776446584),41.88189,-87.63816,False
0.0,POINT (-122.5055211180587 38.1157872588693),38.11579,-122.50552,False
